data_set_size,Ants_number,Alpha,Beta,Evaporate_rate,Random_rate,nbr_iterations,cost,time
14,8,6.5,7.5,0.26,0.8,8,0.342273836,0.182896614
14,4,6.4,5.8,0.79,0.24,8,0.345913928,0.072974443
14,2,3.2,0.4,0.69,0.58,5,0.33546325,0.012975454
14,7,6.9,3.9,0.77,0.94,10,0.324952255,0.157906532
14,3,4.9,4.9,0.46,0.56,2,0.342273836,0.007995129
14,7,4.1,3.5,0.33,0.82,3,0.331497032,0.037979126
14,3,2.5,1.3,0.29,0.82,5,0.331497032,0.024984837
14,8,6.4,6.1,0.77,0.8,3,0.342273836,0.03697896
14,3,1.6,8.6,0.9,0.55,4,0.345913928,0.020987749
14,4,9.1,6.1,0.8,0.26,3,0.33693457,0.018989325
14,8,6.1,3.9,0.46,0.15,1,0.307941646,0.014991283
14,3,8.1,9.3,0.88,0.86,1,0.252963223,0.005996704
14,8,9.4,5.4,0.46,0.05,9,0.342273836,0.103940725
14,3,4,2.4,0.72,0.29,6,0.330537229,0.030982018
14,5,7.8,8.9,0.18,0.34,4,0.330537229,0.063963413
14,3,9.5,8.9,0.09,0.91,7,0.330537229,0.034979582
14,2,1.2,1.7,0.13,0.43,4,0.33693457,0.01399231
14,3,5.8,4.5,0.71,0.3,7,0.330537229,0.039976835
14,3,4.1,8.9,0.5,0.72,10,0.33693457,0.047972679
14,5,2.4,6.1,0.22,0.41,8,0.330537229,0.073959827
14,5,2.8,7,0.58,0.28,9,0.345913928,0.097942114
14,2,8.8,3,0.22,0.9,6,0.331497032,0.017010212
14,5,4,1.9,0.55,0.3,1,0.300046848,0.008995295
14,7,6.2,2,0.33,0.28,8,0.349739369,0.109917641
14,4,1.2,1.9,0.95,0.45,4,0.309310296,0.034978867
14,6,0.3,7.3,0.75,0.68,10,0.345913928,0.145920277
14,3,0.2,7.2,0.55,0.43,3,0.331497032,0.0219841
14,4,0.7,3.8,0.06,0.65,9,0.345913928,0.0799582
14,3,1.7,1.3,0.28,0.11,6,0.345913928,0.046969175
14,3,2.2,4.7,0.32,0.93,10,0.345913928,0.074957132
14,4,8.5,4.8,0.86,0.66,9,0.33693457,0.078954458
14,6,5,1.2,0.28,0.38,3,0.342273836,0.046973228
14,6,7.7,6,0.06,0.55,6,0.311225285,0.067960978
14,7,7.6,8.3,0.88,0.6,3,0.33693457,0.034981728
14,2,8.4,3.2,0.79,0.73,2,0.300046848,0.005995274
14,3,7.8,7,0.59,0.52,5,0.33693457,0.026986837
14,6,7.4,7.6,0.59,0.78,2,0.307941646,0.02498579
14,7,5,4.4,0.79,0.83,3,0.342273836,0.062961102
14,3,7.6,1.5,0.19,0.94,4,0.331497032,0.018989325
14,4,6.7,1.5,0.07,0.26,1,0.252885086,0.00601697
14,7,5.6,4.2,0.67,0.57,5,0.33693457,0.067940712
14,6,3.5,1.2,0.4,0.21,5,0.331497032,0.058966637
14,2,0.5,8.3,0.8,0.79,3,0.331497032,0.009995222
14,3,6.3,0.5,0.31,0.9,9,0.349739369,0.049973249
14,4,8.3,4,0.11,0.34,10,0.345913928,0.085950613
14,6,5.9,1.6,0.29,0.88,10,0.341813379,0.15790987
14,6,8.9,3.5,0.87,0.67,6,0.349739369,0.074954033
14,3,7.6,5.7,0.54,0.16,2,0.311225285,0.009994268
14,4,5.3,0.5,0.47,0.54,8,0.331497032,0.061964512
14,7,7.6,9.2,0.81,0.68,6,0.341813379,0.114937782
14,7,4.8,1,0.89,0.82,3,0.300433046,0.064979553
14,6,0.4,7.6,0.49,0.5,5,0.345913928,0.060948372
14,2,2.2,5.9,0.81,0.94,7,0.331497032,0.021987677
14,8,9.3,7.3,0.54,0.32,3,0.311225285,0.052966356
14,6,0.9,2.2,0.78,0.36,2,0.330537229,0.018993139
14,7,5.8,5.1,0.27,0.34,4,0.345913928,0.070955515
14,6,9.3,7.9,0.26,0.37,3,0.33693457,0.033001184
14,3,4.1,5,0.88,0.83,5,0.340929342,0.024965286
14,6,6.8,1.5,0.45,0.15,7,0.345913928,0.079975128
14,3,6.7,5.6,0.51,0.86,10,0.331497032,0.057947397
14,2,6,9,0.18,0.34,6,0.345913928,0.022985935
14,8,8.5,1.5,0.92,0.73,7,0.341556548,0.14993453
14,5,3,5,0.93,0.49,2,0.327352005,0.017989635
14,7,2,2.1,0.8,0.12,4,0.330537229,0.062964201
14,7,0.5,3.7,0.17,0.39,5,0.33693457,0.086949825
14,6,3.5,2.8,0.27,0.95,4,0.331497032,0.043975353
14,3,1.7,1.6,0.85,0.39,4,0.342273836,0.015990496
14,5,3.1,5.6,0.12,0.65,10,0.33693457,0.122912169
14,4,0.7,1.5,0.74,0.16,5,0.33693457,0.039977074
14,2,5.4,2.5,0.63,0.24,3,0.284505906,0.010993719
14,5,4.4,0.6,0.92,0.56,7,0.339205051,0.078954697
14,7,6.7,7.6,0.68,0.12,2,0.331497032,0.032981873
14,8,3.5,1.2,0.44,0.8,6,0.349739369,0.112931967
14,3,0.9,7.8,0.16,0.83,6,0.33693457,0.028983355
14,7,4.8,4.6,0.56,0.89,3,0.311225285,0.031981945
14,7,4.9,5.2,0.88,0.77,3,0.33693457,0.032981157
14,8,6.9,7,0.84,0.78,1,0.252055358,0.03298521
14,8,9.4,7.9,0.32,0.33,10,0.342273836,0.179893017
14,4,2.9,1.1,0.86,0.06,8,0.345913928,0.041975975
14,3,8.8,7,0.07,0.09,10,0.345913928,0.051971197
14,8,1.1,4,0.92,0.54,6,0.340929342,0.137923002
14,4,7.5,8,0.06,0.76,8,0.345913928,0.075994968
14,3,3.6,2.5,0.53,0.05,10,0.330537229,0.065962076
14,7,6.2,1.6,0.26,0.77,3,0.349739369,0.05693078
14,5,8.4,8.3,0.25,0.16,8,0.345913928,0.093965769
14,2,2.2,6.7,0.82,0.39,8,0.342273836,0.039968014
14,4,6.3,4.1,0.05,0.24,5,0.33693457,0.054959774
14,4,6.9,0.1,0.39,0.73,4,0.333899995,0.032975197
14,7,1.9,9.5,0.6,0.38,5,0.345913928,0.067961216
14,2,5.1,9.4,0.6,0.22,3,0.330537229,0.008995533
14,3,7.2,3.7,0.64,0.57,9,0.345913928,0.057986736
14,3,8,5.7,0.36,0.6,5,0.345913928,0.025984764
14,5,0.7,0.2,0.18,0.9,10,0.349739369,0.094946146
14,8,0.9,9.3,0.9,0.75,4,0.345913928,0.065941572
14,7,0.6,1.7,0.1,0.19,9,0.33693457,0.149914503
14,2,5.9,4.9,0.84,0.19,9,0.345913928,0.026984692
14,7,0.4,9.1,0.95,0.11,4,0.284505906,0.084951162
14,7,4.8,7.2,0.08,0.51,6,0.33693457,0.087949514
14,6,9.2,8.4,0.73,0.64,8,0.345913928,0.092947006
14,8,5.6,0.4,0.78,0.88,6,0.330180705,0.101940632
14,5,7.1,8.1,0.74,0.05,7,0.345913928,0.038977623
14,4,6.7,6.9,0.61,0.59,3,0.309310296,0.019988775
14,4,7.6,8.2,0.27,0.55,10,0.345913928,0.074956894
14,6,9,8.9,0.68,0.19,8,0.331497032,0.095948219
14,2,9.1,7.2,0.61,0.6,5,0.340929342,0.017989874
14,7,5.1,6.4,0.08,0.81,10,0.345913928,0.141919136
14,5,5.4,7.3,0.79,0.31,9,0.349739369,0.110936165
14,4,3.2,3.1,0.22,0.9,5,0.345913928,0.037978411
14,7,5,2.3,0.67,0.93,6,0.33693457,0.096944571
14,7,2.5,0.9,0.31,0.41,9,0.342273836,0.156909943
14,8,4.9,9.2,0.7,0.76,7,0.345913928,0.154911518
14,8,3.3,1.4,0.74,0.3,2,0.330537229,0.029983044
14,3,1.2,3.8,0.95,0.89,5,0.319578957,0.026984692
14,6,5.3,1.8,0.73,0.15,2,0.340929342,0.022986412
14,7,9.4,0.5,0.82,0.7,1,0.251447073,0.040977001
14,6,5.3,5.8,0.37,0.23,7,0.345913928,0.093945503
14,7,2.2,5.4,0.85,0.16,2,0.331497032,0.022987366
14,6,7.8,1.6,0.42,0.08,1,0.311225285,0.013991594
14,5,4.9,7.3,0.23,0.63,4,0.345913928,0.04697299
14,3,7.3,3.1,0.33,0.19,8,0.345913928,0.055968046
14,5,0.7,6.3,0.22,0.05,4,0.345913928,0.043974876
14,8,6.3,1.3,0.63,0.72,4,0.349739369,0.07395792
14,2,6.7,8,0.49,0.85,5,0.331497032,0.017989635
14,8,0.1,1.7,0.32,0.91,2,0.300046848,0.0609653
14,4,5.5,3.9,0.15,0.52,4,0.327352005,0.043975115
14,4,1.8,9.1,0.5,0.88,6,0.345913928,0.043974161
14,3,1.5,1.6,0.25,0.63,7,0.340929342,0.046973228
14,4,7.9,8.3,0.33,0.17,7,0.345913928,0.049971819
14,5,5.4,9.2,0.5,0.79,7,0.327352005,0.073958158
14,3,4.2,9,0.31,0.34,9,0.342273836,0.053965569
14,4,6.7,2.4,0.46,0.84,8,0.341813379,0.047972441
14,5,1,5.2,0.17,0.68,7,0.331497032,0.068960667
14,2,8.3,6.4,0.44,0.38,6,0.33693457,0.016990662
14,5,1.4,0.7,0.68,0.2,1,0.30919321,0.008994341
14,5,7.2,4.8,0.38,0.82,6,0.342273836,0.0609653
14,6,4.8,4.3,0.86,0.92,10,0.349739369,0.090947866
14,3,2.2,6.4,0.55,0.4,9,0.33693457,0.041975975
14,5,5.4,1.6,0.49,0.57,3,0.340929342,0.037978411
14,8,4.4,7.2,0.7,0.76,7,0.342273836,0.134943485
14,3,4.2,5,0.23,0.84,10,0.33693457,0.04895401
14,4,1.3,8.8,0.82,0.05,3,0.327352005,0.024986029
14,4,7.5,8.7,0.3,0.95,4,0.345913928,0.02298665
14,2,1.9,7.1,0.54,0.56,2,0.307941646,0.006996155
14,7,1.5,2.8,0.78,0.29,2,0.342273836,0.030982733
14,8,3.6,3.3,0.37,0.9,4,0.349739369,0.103937149
14,3,6.9,7.4,0.49,0.25,1,0.342273836,0.002998114
14,4,7,3.7,0.3,0.63,5,0.33693457,0.029983044
14,4,8.7,7.4,0.45,0.13,7,0.311225285,0.04897213
14,3,5.3,6.8,0.77,0.83,7,0.345913928,0.033980608
14,2,1.2,4.5,0.22,0.25,10,0.345913928,0.027983904
14,8,4.2,8.7,0.08,0.85,10,0.342273836,0.184894085
14,6,6.4,2.9,0.85,0.41,2,0.308069901,0.024985552
14,8,9.4,4.9,0.42,0.45,10,0.345913928,0.156910419
14,5,1.2,4.1,0.65,0.72,4,0.342273836,0.033980608
14,6,6.4,7.1,0.27,0.54,8,0.345913928,0.10793829
14,4,6.5,2,0.79,0.95,2,0.344925157,0.021987438
14,8,7.1,1,0.9,0.95,3,0.283373804,0.069960117
14,8,2.1,8.7,0.56,0.56,3,0.342273836,0.039977074
14,8,7.4,5.9,0.24,0.94,6,0.342273836,0.089948893
14,5,0.8,9,0.65,0.36,7,0.345913928,0.064962626
14,7,7.1,6.2,0.81,0.49,2,0.307941646,0.028983831
14,5,8.5,6.5,0.52,0.24,7,0.342273836,0.076955557
14,5,0.1,5,0.14,0.83,3,0.30919321,0.024985552
14,8,2.5,3.8,0.24,0.71,1,0.307941646,0.011992931
14,4,1.2,8.1,0.93,0.89,4,0.345913928,0.033980608
14,4,6,0.6,0.8,0.47,3,0.349739369,0.022986889
14,2,9.4,8.3,0.84,0.81,6,0.33693457,0.01399231
14,5,7,1.3,0.13,0.45,5,0.33693457,0.045973539
14,6,5.8,4.5,0.31,0.11,10,0.345913928,0.120930433
14,6,5.7,1.8,0.09,0.49,1,0.309310296,0.010994196
14,8,8.4,0.9,0.31,0.32,3,0.345913928,0.046972752
14,4,2.9,7.9,0.7,0.34,10,0.342273836,0.081954956
14,5,0.3,2.3,0.74,0.76,2,0.33693457,0.01700902
14,8,2.9,8.8,0.9,0.21,3,0.311225285,0.03497982
14,4,0.6,1.5,0.29,0.85,3,0.33693457,0.017989635
14,5,0.9,8.2,0.95,0.87,10,0.345913928,0.109919786
14,3,3.1,3.8,0.23,0.28,3,0.331497032,0.021987438
14,2,0.9,6.6,0.23,0.69,6,0.33693457,0.023986578
14,6,7.8,8.5,0.4,0.41,1,0.330537229,0.012992382
14,7,5.2,3.3,0.41,0.18,2,0.342273836,0.031981945
14,2,6.8,7.1,0.94,0.79,1,0.311225285,0.003997326
14,7,3.3,2.5,0.83,0.89,4,0.316399592,0.055968285
14,4,4.5,2.3,0.13,0.53,9,0.342273836,0.073957682
14,6,0.7,0.9,0.9,0.76,9,0.331497032,0.125924349
14,3,4.9,1.4,0.21,0.8,4,0.342273836,0.019988298
14,8,2.2,2.9,0.72,0.36,7,0.33693457,0.154911518
14,2,8.8,0.8,0.61,0.11,5,0.33693457,0.01399231
14,8,4.6,3.6,0.43,0.93,9,0.342273836,0.164905548
14,6,6.6,3.5,0.28,0.05,5,0.345913928,0.046973228
14,4,5.1,5.4,0.73,0.6,9,0.342273836,0.063963175
14,8,8.1,9.2,0.48,0.2,1,0.331497032,0.019988537
14,8,3.8,5.6,0.43,0.11,3,0.309310296,0.055967808
14,3,2.7,3,0.72,0.47,4,0.330537229,0.0219872
14,4,0.7,1.5,0.65,0.25,7,0.330537229,0.04697299
14,3,2.5,4.4,0.72,0.48,3,0.33693457,0.013992071
14,4,3.5,8.5,0.36,0.13,7,0.345913928,0.052969694
14,6,4.9,6.7,0.32,0.42,2,0.33693457,0.019988298
14,7,4.8,4.1,0.83,0.54,5,0.331497032,0.081953049
14,8,1.5,3.3,0.91,0.54,1,0.307941646,0.013991833
14,4,9.2,0.4,0.44,0.11,10,0.345913928,0.066962004
14,2,7.7,9.5,0.37,0.09,2,0.30919321,0.004997253
14,8,8.2,0.3,0.38,0.67,7,0.337766538,0.082952499
14,5,4.8,5.6,0.95,0.09,10,0.345913928,0.102943659
14,5,5.4,6.4,0.14,0.71,1,0.252963223,0.01299262
14,7,3.5,6.7,0.38,0.51,1,0.330537229,0.035978794
14,8,7.8,0.7,0.82,0.35,6,0.329316907,0.12293005
14,5,1.4,5.3,0.32,0.07,4,0.345913928,0.034979343
14,7,4.8,5.1,0.94,0.22,2,0.311225285,0.069960117
14,6,4.3,1.8,0.65,0.81,7,0.349739369,0.115933657
14,5,3,9,0.54,0.45,8,0.327352005,0.099942923
14,4,1.2,4.3,0.84,0.52,8,0.345913928,0.07095933
14,5,7.5,7.5,0.11,0.66,2,0.300046848,0.019988537
14,3,7.7,8.3,0.33,0.05,1,0.345913928,0.004997015
14,3,5,3.9,0.54,0.81,4,0.342273836,0.018986464
14,6,7.1,5.4,0.63,0.36,4,0.33693457,0.053969145
14,3,1.2,4,0.69,0.33,8,0.33693457,0.035979509
14,3,2.5,8.1,0.27,0.52,5,0.345913928,0.021987438
14,5,1.1,6.1,0.42,0.43,5,0.300046848,0.054969072
14,3,6.6,0.9,0.05,0.47,7,0.33693457,0.040996313
14,4,1.7,4.2,0.92,0.85,4,0.349739369,0.026984453
14,4,6.2,7.4,0.85,0.42,1,0.340929342,0.009994507
14,8,8.7,5.5,0.13,0.31,9,0.331497032,0.177880526
14,7,2.5,4.1,0.62,0.79,4,0.309310296,0.06896019
14,8,0.2,9.1,0.49,0.19,4,0.342273836,0.07195878
14,6,4.1,3.9,0.55,0.48,7,0.331497032,0.081953764
14,7,7.7,2.2,0.38,0.55,4,0.342273836,0.067960739
14,3,4.1,5.9,0.09,0.7,10,0.345913928,0.062963963
14,6,0.7,6.5,0.34,0.93,9,0.345913928,0.101938963
14,4,4.2,3.5,0.55,0.22,1,0.252885086,0.001998663
14,3,9.2,8.4,0.11,0.58,8,0.345913928,0.037978172
14,8,6,5.3,0.28,0.53,9,0.33693457,0.145916462
14,5,5.8,1.3,0.19,0.92,8,0.345913928,0.077955723
14,6,6.4,2.2,0.19,0.28,8,0.327352005,0.110936642
14,5,8.2,1.8,0.09,0.11,1,0.342273836,0.005996466
14,6,0.6,8.1,0.67,0.34,3,0.330537229,0.029982805
14,7,0.9,4.8,0.08,0.53,6,0.331497032,0.093966484
14,6,7.9,0.2,0.16,0.72,6,0.349739369,0.095925093
14,7,7,7.8,0.86,0.44,6,0.342273836,0.104960203
14,7,4.5,5.9,0.33,0.6,6,0.342273836,0.084951162
14,6,2.3,6.3,0.55,0.74,4,0.342273836,0.042975664
14,4,3.3,0.2,0.92,0.64,5,0.344925157,0.043975353
14,8,0.5,2.5,0.1,0.64,6,0.330537229,0.153911352
14,4,3.9,8,0.1,0.77,2,0.331497032,0.013974667
14,4,0.9,8.8,0.54,0.47,5,0.342273836,0.054986238
14,2,9,9,0.75,0.47,1,0.331497032,0.001998663
14,5,5.6,3.2,0.53,0.55,7,0.345913928,0.086932898
14,8,2.2,1.5,0.43,0.73,10,0.342273836,0.183913231
14,5,2,4.3,0.67,0.29,6,0.342273836,0.067959785
14,6,2.2,6,0.2,0.55,5,0.33693457,0.071959019
14,2,4.5,0.2,0.78,0.18,6,0.319578957,0.01996851
14,4,7.3,0.1,0.14,0.28,8,0.345913928,0.047972441
14,5,6.2,8.9,0.37,0.37,1,0.311225285,0.005996466
14,6,3.7,3,0.12,0.76,7,0.345913928,0.068960428
14,7,0.9,6.3,0.33,0.7,9,0.345913928,0.124928951
14,7,3.2,0.4,0.71,0.27,1,0.345913928,0.012992144
14,6,4.7,6.4,0.24,0.46,9,0.33693457,0.126930714
14,3,8.2,9.4,0.08,0.59,6,0.331497032,0.038995266
14,3,1.7,1.4,0.05,0.05,4,0.345913928,0.016989946
14,8,7.3,8,0.09,0.79,7,0.342273836,0.192872047
14,3,7.7,8.6,0.63,0.94,3,0.345913928,0.017987251
14,2,4.5,7.3,0.44,0.52,7,0.345913928,0.023986578
14,8,4.1,0.6,0.65,0.43,5,0.330537229,0.078974962
14,8,4.5,6.2,0.55,0.05,8,0.345913928,0.103940248
14,5,1.2,8.7,0.82,0.94,9,0.345913928,0.087949514
14,5,2.5,9.1,0.21,0.39,9,0.342273836,0.102921247
14,7,4,6.9,0.19,0.19,4,0.311225285,0.051970243
14,5,2.4,3.9,0.31,0.64,3,0.327352005,0.038977623
14,4,9.4,0.6,0.15,0.37,10,0.350189816,0.073957443
14,5,5.2,6.5,0.3,0.74,5,0.33693457,0.055968046
14,7,1.6,2.7,0.55,0.13,4,0.330537229,0.048972368
14,7,8.3,3.4,0.38,0.35,10,0.331497032,0.149914026
14,7,0.8,9.1,0.57,0.32,5,0.342273836,0.062964201
14,6,5.6,5.4,0.68,0.87,6,0.309310296,0.091947317
14,6,4.6,5.9,0.42,0.24,1,0.300046848,0.005996227
14,8,1.9,2.2,0.06,0.34,9,0.345913928,0.198889494
14,6,1.2,4.1,0.17,0.13,4,0.309310296,0.054968357
14,2,7.7,7.3,0.28,0.21,3,0.342273836,0.009994984
14,7,9.3,9,0.21,0.33,2,0.331497032,0.025985241
14,7,3,1.3,0.72,0.4,8,0.330537229,0.116950274
14,7,7.6,2.7,0.49,0.24,9,0.342273836,0.144899607
14,6,8.6,4.8,0.86,0.3,4,0.345913928,0.046972752
14,7,3.4,4.5,0.75,0.1,1,0.311225285,0.01598978
14,8,2.7,7.9,0.85,0.31,10,0.330537229,0.232884407
14,6,8.4,4.7,0.81,0.72,8,0.330537229,0.086932898
14,3,4.9,7.4,0.1,0.1,4,0.330537229,0.018989325
14,7,5.6,3.1,0.92,0.87,3,0.33381081,0.060964823
14,3,2.5,7.7,0.17,0.32,8,0.342273836,0.055968523
14,4,2.4,4.5,0.27,0.28,6,0.342273836,0.057983875
14,2,7.2,4.5,0.51,0.45,7,0.345913928,0.024969101
14,8,6.6,9.1,0.51,0.32,1,0.340929342,0.028982878
14,5,3.2,6.7,0.12,0.23,10,0.345913928,0.111935854
14,4,7.5,6.5,0.18,0.1,6,0.330537229,0.049971581
14,3,6.3,6.8,0.31,0.82,1,0.300046848,0.007995367
14,7,7.9,4.9,0.32,0.31,8,0.342273836,0.155910969
14,8,7.1,0.7,0.36,0.87,5,0.33546325,0.144934416
14,8,9.4,2.3,0.21,0.28,1,0.307941646,0.019988775
14,7,5.2,1,0.3,0.88,1,0.311225285,0.009994268
14,6,5.6,0.1,0.76,0.67,8,0.349739369,0.085930586
14,6,6,5,0.34,0.13,4,0.330537229,0.048971891
14,4,7.3,1,0.76,0.62,8,0.327352005,0.061964512
14,2,8.1,5.3,0.13,0.78,2,0.331497032,0.005996943
14,3,0.9,0.2,0.25,0.12,7,0.342273836,0.034979582
14,5,0.7,4.8,0.09,0.73,10,0.345913928,0.093946218
14,2,7.6,3.8,0.17,0.6,4,0.331497032,0.010994196
14,7,9.1,1.9,0.56,0.76,7,0.342273836,0.077958107
14,5,4.9,4,0.62,0.35,4,0.327352005,0.047972679
14,5,3,5.8,0.27,0.53,1,0.331497032,0.005996227
14,7,9.1,3.5,0.24,0.55,10,0.342273836,0.152912378
14,4,0.5,6.1,0.8,0.13,1,0.300046848,0.006997108
14,4,7.1,7,0.7,0.86,10,0.33693457,0.077954531
14,5,5.8,8.8,0.9,0.4,4,0.327352005,0.04697299
14,4,5.7,8.8,0.56,0.13,4,0.330537229,0.027984142
14,7,1.4,2.9,0.09,0.42,9,0.330537229,0.139919996
14,8,6.5,6.1,0.43,0.09,4,0.345913928,0.061964512
14,3,5.8,8.2,0.8,0.14,6,0.345913928,0.029983044
14,7,4.7,1.1,0.95,0.88,4,0.295553301,0.050970554
14,8,4.7,5.8,0.78,0.93,6,0.349739369,0.135922194
14,2,8.2,1.7,0.13,0.17,5,0.345913928,0.014991045
14,5,8.8,8.7,0.27,0.28,4,0.33693457,0.048971891
14,2,5.3,4.3,0.47,0.26,9,0.33693457,0.031981707
14,8,0.2,0.4,0.22,0.24,1,0.300046848,0.017989397
14,4,8.4,9.2,0.5,0.83,3,0.330537229,0.022987366
14,5,8.5,4.3,0.77,0.54,3,0.309310296,0.052969456
14,8,5.7,0.8,0.76,0.55,7,0.33546325,0.130922318
14,8,6.1,4.1,0.77,0.24,7,0.331497032,0.107939005
14,5,0.5,8.8,0.81,0.82,8,0.345913928,0.11393714
14,8,3.6,7.9,0.17,0.36,8,0.345913928,0.195888042
14,6,5.4,2.3,0.26,0.15,6,0.342273836,0.091947079
14,5,8,1.9,0.4,0.81,3,0.327352005,0.039976835
14,4,1.2,4.2,0.9,0.14,10,0.345913928,0.082952738
14,8,1.1,1.3,0.67,0.22,3,0.327352005,0.066962242
14,7,4.5,4.2,0.28,0.39,5,0.345913928,0.101941347
14,4,4.8,7.7,0.4,0.76,7,0.345913928,0.066961765
14,7,8,5.5,0.84,0.41,4,0.307941646,0.057966948
14,2,8.5,0.9,0.3,0.13,8,0.345913928,0.02498579
14,2,3.3,3.2,0.56,0.52,5,0.33693457,0.020987511
14,5,3,0.7,0.46,0.23,9,0.331497032,0.100942135
14,2,3.9,7.1,0.28,0.66,6,0.342273836,0.019988775
14,8,5.9,1.1,0.67,0.37,7,0.345913928,0.144917011
14,4,4.3,6.2,0.11,0.59,6,0.342273836,0.057966948
14,4,4.3,8.9,0.56,0.5,1,0.30919321,0.007995367
14,6,0.1,5.1,0.46,0.34,3,0.330537229,0.052969456
14,7,4.7,0.9,0.44,0.26,1,0.307941646,0.015990973
14,4,1.5,0.5,0.91,0.33,2,0.324029924,0.017989635
14,2,0.3,5.5,0.32,0.58,6,0.345913928,0.022987127
14,7,4.3,6.5,0.06,0.67,3,0.345913928,0.045992613
14,7,5.5,3.8,0.38,0.62,3,0.345913928,0.048970699
14,7,7.1,1.7,0.11,0.92,9,0.340929342,0.107937813
14,7,3.5,5.3,0.72,0.66,2,0.345913928,0.022987127
14,4,6.9,7.1,0.69,0.37,1,0.345913928,0.00499773
14,4,7.9,5.5,0.84,0.07,4,0.311225285,0.028983116
14,2,7.4,6.8,0.83,0.59,2,0.342273836,0.006996393
14,2,8.5,1.2,0.46,0.41,10,0.349739369,0.035978556
14,2,3.5,1.8,0.51,0.82,4,0.342273836,0.012992859
14,7,6,7.4,0.67,0.82,5,0.331497032,0.066961765
14,6,6.4,0.7,0.68,0.17,5,0.345913928,0.068939924
14,8,7.5,7.2,0.26,0.27,7,0.33693457,0.090948105
14,6,2.8,7.7,0.63,0.53,8,0.331497032,0.103940487
14,6,5,7,0.62,0.6,10,0.345913928,0.109936953
14,5,9,2,0.35,0.64,8,0.342273836,0.081953287
14,3,0.8,3.9,0.45,0.82,7,0.345913928,0.035979509
14,4,6.6,2,0.24,0.9,3,0.342273836,0.019988537
14,5,7.3,0.9,0.6,0.23,7,0.33693457,0.054968596
14,8,2.7,6.5,0.52,0.54,2,0.345913928,0.035979509
14,4,5.4,8,0.43,0.31,10,0.331497032,0.076976299
14,3,6.2,0.2,0.21,0.73,9,0.329474016,0.065945148
14,4,4.6,5.4,0.22,0.27,9,0.345913928,0.067957878
14,2,6,2.8,0.1,0.67,2,0.309310296,0.003997564
14,7,1.9,4.8,0.22,0.88,10,0.342273836,0.129925728
14,5,2.1,4.1,0.53,0.51,10,0.342273836,0.090947866
14,6,1.8,3.4,0.43,0.35,3,0.345913928,0.035979509
14,4,9.4,3.3,0.28,0.45,7,0.340929342,0.050971031
14,5,2.6,5,0.19,0.81,6,0.345913928,0.056967258
14,2,8.9,7.2,0.77,0.06,4,0.342273836,0.008995295
14,4,7.2,0.7,0.84,0.36,2,0.327352005,0.011992931
14,5,0.6,7.8,0.22,0.32,5,0.309310296,0.056967497
14,2,1.9,4.8,0.36,0.73,1,0.331497032,0.005996466
14,8,5,3.2,0.51,0.48,6,0.345913928,0.108958006
14,6,9.1,8.7,0.13,0.27,6,0.33693457,0.076956749
14,3,4.6,6.7,0.32,0.69,4,0.345913928,0.021987438
14,2,1.2,8,0.25,0.39,2,0.331497032,0.00599575
14,2,5.3,8.1,0.22,0.09,2,0.300046848,0.009994745
14,6,4.8,9.5,0.95,0.3,3,0.345913928,0.035979033
14,3,1.9,5.7,0.79,0.78,6,0.345913928,0.031981707
14,4,4.5,1.3,0.54,0.5,3,0.340929342,0.0219872
14,3,1.7,4.7,0.43,0.37,4,0.327352005,0.026985168
14,3,7.4,5,0.58,0.67,8,0.345913928,0.038977146
14,5,2.4,1.7,0.08,0.89,3,0.311225285,0.018989325
14,6,5.7,3.8,0.31,0.49,8,0.331497032,0.103940725
14,8,2.9,8.8,0.57,0.68,4,0.327352005,0.074956894
14,6,7.8,6.5,0.81,0.14,4,0.327352005,0.044974566
14,5,8.9,7.8,0.73,0.76,5,0.340929342,0.037978172
14,6,1.7,5.9,0.23,0.87,9,0.345913928,0.102941751
14,6,1.8,7.2,0.18,0.48,8,0.342273836,0.079954147
14,6,7.2,6,0.6,0.46,6,0.345913928,0.076955318
14,3,4.8,6.6,0.86,0.3,8,0.342273836,0.035979509
14,2,3.9,1.7,0.46,0.36,7,0.342273836,0.024985313
14,3,3.6,4.7,0.23,0.43,6,0.345913928,0.031981945
14,2,2.1,8.2,0.92,0.32,7,0.345913928,0.017989874
14,3,6.6,8.2,0.31,0.08,6,0.345913928,0.02498579
14,8,0.3,5.8,0.33,0.53,2,0.331497032,0.03697896
14,5,5,5,0.11,0.59,6,0.345913928,0.061944008
14,4,2.1,4,0.09,0.2,9,0.330537229,0.064963102
14,8,4.9,0.8,0.65,0.59,8,0.327352005,0.120933771
14,4,9.2,9.5,0.22,0.19,10,0.342273836,0.085950613
14,4,3.2,3.3,0.1,0.28,1,0.345913928,0.008994818
14,6,7.7,1.7,0.4,0.87,3,0.349739369,0.032981157
14,6,8.3,3.4,0.11,0.37,2,0.327352005,0.016990423
14,6,8.3,4.4,0.21,0.61,10,0.342273836,0.126927853
14,3,5.2,5.1,0.73,0.65,3,0.345913928,0.01798892
14,3,0.9,0.3,0.11,0.12,10,0.345913928,0.05396986
14,6,8,1.1,0.94,0.51,3,0.306590693,0.045973778
14,8,2.1,7.9,0.31,0.52,1,0.327352005,0.015990496
14,2,1.8,1.2,0.36,0.61,1,0.30919321,0.003997803
14,7,3.8,2.2,0.29,0.24,1,0.309310296,0.020987749
14,6,1.7,9.4,0.65,0.05,4,0.345913928,0.042975187
14,4,7.2,3.8,0.33,0.07,9,0.33693457,0.046990871
14,8,0.6,0.8,0.12,0.87,8,0.345913928,0.129908562
14,8,1,0.6,0.78,0.13,2,0.330537229,0.06396389
14,5,6.2,7.6,0.18,0.43,1,0.33693457,0.009993315
14,5,3.4,5.9,0.3,0.8,8,0.342273836,0.118932009
14,6,7.2,5.1,0.16,0.8,4,0.33693457,0.054968119
14,4,6,7.5,0.35,0.81,1,0.30919321,0.013991833
14,4,3.9,2.4,0.17,0.06,6,0.342273836,0.043974876
14,5,1.4,7.4,0.08,0.51,10,0.345913928,0.117932796
14,2,1.9,7.5,0.82,0.08,4,0.327352005,0.011993408
14,8,6.3,9,0.19,0.12,5,0.33693457,0.124927998
14,3,0.7,6.7,0.41,0.86,7,0.331497032,0.045973778
14,8,9.5,6.4,0.69,0.25,1,0.327352005,0.017989874
14,6,8.8,5.9,0.87,0.1,1,0.300046848,0.008994579
14,3,7.4,8.2,0.84,0.76,5,0.330537229,0.029982805
14,3,3.9,6,0.8,0.54,2,0.342273836,0.007995367
14,7,7.3,6.8,0.61,0.73,8,0.340929342,0.130925417
14,6,1.7,5.5,0.14,0.3,2,0.311225285,0.020987988
14,4,2.8,4.4,0.59,0.32,3,0.33693457,0.03697896
14,8,3.7,2.4,0.33,0.26,2,0.284505906,0.066961288
14,5,3.9,3.4,0.57,0.88,2,0.307941646,0.018989563
14,4,8.1,3.4,0.8,0.14,9,0.345913928,0.076955795
14,5,2.2,6.5,0.21,0.54,10,0.33693457,0.123927355
14,6,9.5,9.2,0.31,0.09,6,0.33693457,0.071960926
14,8,1.9,4.9,0.88,0.59,1,0.309310296,0.015991211
14,5,4.1,8.7,0.82,0.46,3,0.30919321,0.039976358
14,4,7.8,0.8,0.52,0.15,8,0.345913928,0.059965849
14,3,6.2,4.8,0.75,0.94,6,0.349739369,0.029982805
14,8,5.2,3.1,0.4,0.53,9,0.345913928,0.20988059
14,8,3.2,3.4,0.35,0.61,7,0.342273836,0.153911352
14,6,4.5,4.2,0.24,0.64,5,0.33693457,0.081952572
14,4,1.5,9.3,0.6,0.81,9,0.345913928,0.071959019
14,2,5.9,2.8,0.14,0.29,5,0.33693457,0.017989635
14,8,8.3,1.5,0.18,0.68,9,0.349739369,0.184911489
14,5,0.6,3.1,0.87,0.59,2,0.340929342,0.021967411
14,2,8.2,2.3,0.48,0.56,8,0.340929342,0.042978048
14,4,3.4,3.3,0.51,0.82,2,0.331497032,0.019987822
14,6,0.3,8.4,0.27,0.6,7,0.342273836,0.121948719
14,3,1.9,1.8,0.74,0.54,4,0.33693457,0.023987055
14,7,4.9,9.2,0.75,0.5,6,0.331497032,0.10491848
14,8,4.7,1.7,0.12,0.8,5,0.342273836,0.092947006
14,8,3.7,0.5,0.07,0.76,2,0.341813379,0.045973778
14,5,4.3,8.3,0.46,0.95,2,0.345913928,0.019010067
14,4,7.4,1.3,0.31,0.37,9,0.345913928,0.077955008
14,7,6.3,7,0.74,0.79,6,0.342273836,0.120930672
14,6,9.1,5.7,0.23,0.12,10,0.331497032,0.113934994
14,6,5.6,5.8,0.81,0.4,9,0.345913928,0.123911381
14,4,0.1,4.6,0.44,0.33,5,0.33693457,0.043992996
14,8,8.8,2.2,0.15,0.85,6,0.349739369,0.132906199
14,3,0.1,5.8,0.82,0.94,6,0.327352005,0.027984142
14,8,4.4,6.4,0.17,0.49,10,0.345913928,0.247855186
14,8,7.9,5.6,0.58,0.24,9,0.345913928,0.169917822
14,2,5.6,4.8,0.16,0.3,9,0.345913928,0.063949347
14,4,0.9,4.4,0.59,0.37,8,0.33693457,0.059965611
14,7,8.9,2.2,0.77,0.42,7,0.330537229,0.153931379
14,7,8.7,6.9,0.64,0.28,1,0.252885086,0.012992382
14,4,0.1,6.7,0.27,0.61,6,0.345913928,0.046955824
14,8,1.1,2.1,0.7,0.47,2,0.331497032,0.032981396
14,3,9.1,9.1,0.42,0.68,10,0.345913928,0.059962749
14,2,1.5,4.9,0.46,0.66,6,0.33693457,0.018989325
14,8,6.6,1.6,0.64,0.77,8,0.344925157,0.114953995
14,3,7,7.2,0.22,0.86,1,0.327352005,0.005996466
14,7,0.4,2.3,0.81,0.72,3,0.331497032,0.045974016
14,3,5.8,5.4,0.21,0.3,1,0.252963223,0.002998114
14,5,2.3,9.5,0.73,0.89,3,0.345913928,0.031981945
14,8,2.8,2.8,0.34,0.91,8,0.345913928,0.111935616
14,5,1.1,2.5,0.17,0.22,3,0.331497032,0.033980608
14,8,4,3.3,0.87,0.28,2,0.309310296,0.02898407
14,2,0.5,5,0.6,0.34,4,0.345913928,0.013991356
14,5,8,3.8,0.82,0.08,1,0.345913928,0.006996155
14,3,1.1,2.4,0.07,0.29,9,0.342273836,0.04897213
14,8,8.6,9.5,0.48,0.24,7,0.345913928,0.120910406
14,5,6.4,4.7,0.75,0.18,7,0.342273836,0.072961092
14,7,0.3,5.3,0.51,0.63,8,0.331497032,0.163906574
14,8,8.7,8.3,0.22,0.22,1,0.252963223,0.01199317
14,6,8.4,6.7,0.41,0.14,1,0.30919321,0.018988848
14,4,8.7,5.2,0.4,0.54,7,0.345913928,0.056967258
14,8,6.4,3.9,0.63,0.52,1,0.33693457,0.015990973
14,2,4.8,3.6,0.56,0.32,10,0.342273836,0.03697896
14,6,2.6,9,0.45,0.92,9,0.345913928,0.114934206
14,5,3.1,2.3,0.3,0.36,5,0.331497032,0.064963102
14,2,1.1,5.4,0.33,0.37,9,0.33693457,0.035979271
14,8,2.2,9.4,0.63,0.88,8,0.345913928,0.195888042
14,3,0.3,8.4,0.9,0.73,9,0.345913928,0.065960646
29,7,5.6,4.1,0.71,0.87,5,0.490196078,0.509709835
29,3,9.5,5.5,0.52,0.66,4,0.467071462,0.102941751
29,4,2.7,1.2,0.1,0.09,2,0.464900046,0.0439713
29,2,6.8,5.8,0.05,0.07,5,0.5,0.072978735
29,3,8.9,1.9,0.06,0.27,7,0.466200466,0.20786047
29,4,8.8,1.6,0.11,0.83,3,0.462962963,0.131924868
29,8,4.4,5.4,0.42,0.81,3,0.459136823,0.225874901
29,4,0.6,9.4,0.82,0.25,10,0.474833808,0.497711658
29,7,0.4,5.7,0.42,0.57,4,0.465332713,0.745573521
29,5,2.9,8.7,0.74,0.47,7,0.469483568,0.535693407
29,5,0.4,2.4,0.33,0.72,4,0.431592577,0.233866215
29,6,5,7.7,0.47,0.85,1,0.443262411,0.035000324
29,3,3.5,7.8,0.7,0.91,1,0.465549348,0.016990662
29,2,1.7,2.2,0.87,0.15,7,0.464900046,0.090927362
29,5,8.4,9.4,0.77,0.92,5,0.465332713,0.328814745
29,6,9.5,2.8,0.39,0.73,4,0.466200466,0.23488307
29,2,3.9,3.6,0.14,0.58,10,0.466200466,0.162906885
29,8,9.1,4.7,0.49,0.6,10,0.465332713,2.358633995
29,6,6.7,1.4,0.55,0.9,9,0.488042948,1.008420467
29,8,3.7,9.3,0.94,0.18,7,0.467071462,1.529125929
29,6,1.6,3.6,0.21,0.24,9,0.466200466,0.708594561
29,2,7.3,0.4,0.07,0.51,9,0.482858522,0.128926277
29,8,3.4,1.2,0.75,0.44,8,0.502512563,1.339237452
29,5,1,2.1,0.91,0.16,10,0.5,0.787549019
29,3,3,3.5,0.36,0.59,1,0.433087917,0.031982183
29,5,8.4,1.8,0.07,0.1,3,0.462962963,0.106938601
29,7,0.5,7.7,0.95,0.51,6,0.462962963,0.702598333
29,4,9.5,1.1,0.72,0.55,2,0.485436893,0.074956894
29,6,0.6,5.7,0.71,0.27,8,0.474833808,0.996427536
29,7,5.5,6.5,0.53,0.63,10,0.467071462,1.11836338
29,2,1.7,6.5,0.33,0.8,7,0.467071462,0.112935543
29,4,3.3,3.2,0.08,0.82,1,0.490196078,0.026984215
29,6,0.7,4.7,0.69,0.95,9,0.490677134,0.658623219
29,8,2.2,9.5,0.27,0.54,1,0.466200466,0.210880041
29,7,7.8,8.1,0.36,0.36,5,0.5,0.561678886
29,7,2.8,7.5,0.31,0.28,4,0.465332713,0.79154706
29,4,9.1,4.8,0.5,0.81,8,0.461254613,0.261850119
29,3,2.9,0.1,0.23,0.13,1,0.458715596,0.017989635
29,2,6.7,7.3,0.84,0.43,5,0.466200466,0.132924318
29,8,1.3,6.5,0.84,0.64,4,0.462962963,0.589662552
29,8,4.4,5.5,0.71,0.94,5,0.478927203,0.661621809
29,5,2.7,6.5,0.38,0.36,1,0.443262411,0.087949276
29,3,0.5,0.3,0.9,0.67,5,0.5,0.167904139
29,5,1,9.2,0.88,0.65,5,0.445831476,0.370805264
29,7,7,5.3,0.47,0.22,2,0.467071462,0.136904716
29,4,9.3,3.7,0.22,0.16,10,0.467071462,0.372783661
29,2,6,5.2,0.09,0.81,9,0.466200466,0.139940262
29,7,2.1,2.3,0.62,0.42,2,0.443262411,0.68958807
29,4,9.4,4.2,0.65,0.43,4,0.496770989,0.289834023
29,5,1.1,8.1,0.78,0.43,4,0.490677134,0.362792969
29,4,1.6,2.5,0.31,0.2,8,0.466200466,0.358794451
29,2,4.7,5.3,0.16,0.75,4,0.466200466,0.082951784
29,6,6.9,3.8,0.81,0.17,8,0.465332713,0.950456619
29,2,1.2,4.5,0.45,0.13,4,0.466200466,0.059965372
29,7,5.8,5.9,0.48,0.27,2,0.459770115,0.208880901
29,7,4.3,7,0.1,0.83,5,0.490677134,0.732578039
29,7,4.7,6,0.89,0.84,2,0.490677134,0.505711079
29,5,2.9,3.9,0.31,0.71,9,0.5,0.515705109
29,4,8.7,4.8,0.23,0.49,7,0.466200466,0.346801519
29,5,6.5,9.5,0.05,0.09,2,0.441111601,0.049971104
29,6,7.2,1,0.95,0.54,7,0.455166136,0.84452033
29,5,7.8,9.4,0.82,0.16,8,0.461254613,0.453736544
29,7,0.5,3.9,0.42,0.93,8,0.466200466,1.023418188
29,3,4,4.5,0.78,0.84,3,0.466200466,0.090948105
29,5,6,8.8,0.56,0.23,4,0.467071462,0.282837868
29,6,0.3,8.8,0.1,0.82,2,0.415627598,0.360794067
29,5,5.3,7.8,0.95,0.12,3,0.467071462,0.243860006
29,2,2,2.1,0.59,0.9,5,0.458715596,0.068960667
29,7,0.8,0.3,0.81,0.5,6,0.5,0.765579224
29,8,4.7,1.7,0.58,0.45,9,0.5,2.212715864
29,5,8,4.3,0.19,0.41,6,0.459770115,0.41476512
29,6,2.6,8.6,0.54,0.8,5,0.467726848,0.550640821
29,2,5.4,8.9,0.52,0.44,1,0.445831476,0.044455051
29,7,7.9,0.6,0.22,0.91,3,0.474608448,0.260607004
29,4,3.9,0.4,0.6,0.56,7,0.453514739,0.282858372
29,3,7.5,2.4,0.74,0.84,8,0.477099237,0.292814016
29,4,5.1,8.3,0.62,0.9,9,0.482858522,0.518702745
29,4,6.5,8.3,0.71,0.46,1,0.432152118,0.13492322
29,4,2.4,4.9,0.14,0.16,9,0.467071462,0.694602251
29,8,4.1,3.3,0.16,0.27,2,0.432525952,0.816533327
29,3,8.6,2.7,0.41,0.28,1,0.5,0.024984598
29,6,4.8,6.5,0.06,0.8,2,0.437636761,0.150913954
29,4,6.7,7.5,0.78,0.77,2,0.488042948,0.168904066
29,2,3.8,9.5,0.94,0.48,3,0.42973786,0.115931988
29,7,5.3,8,0.86,0.75,5,0.469043152,0.771559477
29,6,4.8,5.4,0.31,0.47,5,0.466200466,0.428754568
29,7,8.3,0.8,0.94,0.71,8,0.410172272,1.845945597
29,8,3.7,4.3,0.2,0.64,6,0.5,0.752588749
29,2,9.2,4.3,0.56,0.53,3,0.441111601,0.051949739
29,8,6.5,4.6,0.36,0.12,7,0.446827525,2.026843071
29,7,1.8,2.2,0.18,0.69,6,0.445831476,0.522699833
29,6,9.1,6.7,0.84,0.78,6,0.458715596,0.63865447
29,3,7.4,4.5,0.42,0.39,9,0.490677134,0.341785908
29,4,8,9.4,0.94,0.36,7,0.465332713,0.232868433
29,6,8.9,4.5,0.57,0.89,4,0.464900046,0.201883793
29,5,8,5.5,0.37,0.35,8,0.486854917,0.664617777
29,6,7.8,6.2,0.53,0.76,1,0.433087917,0.07095933
29,5,9.3,6.6,0.44,0.23,3,0.458715596,0.199906826
29,3,1.1,1.6,0.94,0.64,1,0.440917108,0.023965597
29,6,6.1,2,0.67,0.92,4,0.467071462,0.549705029
29,3,3.9,2.1,0.83,0.72,1,0.432525952,0.025965929
29,8,6.4,1,0.74,0.12,6,0.466200466,1.07738328
29,6,3,7.7,0.94,0.77,9,0.486854917,1.075404882
29,4,8.5,8.1,0.83,0.76,9,0.473484848,0.304825783
29,4,7.9,8.9,0.91,0.16,4,0.462962963,0.107938528
29,2,9.5,5,0.35,0.09,4,0.466200466,0.056967258
29,3,3.8,3.5,0.05,0.63,9,0.5,0.258852482
29,7,8.9,6,0.84,0.11,4,0.474833808,0.741575718
29,7,3.4,7.6,0.59,0.4,9,0.5,1.161335707
29,7,8.6,6.3,0.16,0.91,2,0.467071462,0.100942135
29,8,4.7,6,0.7,0.7,5,0.486854917,1.070388079
29,6,2.2,1.2,0.47,0.76,4,0.453514739,0.290833473
29,2,2.2,0.5,0.19,0.18,9,0.464900046,0.186893225
29,3,2.7,4.8,0.49,0.34,6,0.467071462,0.21189785
29,4,9.3,1.8,0.09,0.29,2,0.437636761,0.057946682
29,3,2.3,9,0.51,0.18,1,0.428265525,0.031981945
29,6,2.5,1.8,0.83,0.36,10,0.5,1.286263943
29,6,1.7,1,0.8,0.93,2,0.467726848,0.254874706
29,4,1.3,1.4,0.14,0.67,10,0.5,0.597640753
29,2,1.7,2.3,0.1,0.29,3,0.467071462,0.050966978
29,7,4.6,2.2,0.62,0.85,5,0.469043152,0.858509779
29,4,4.2,7.8,0.11,0.88,5,0.481695568,0.174919367
29,7,7.8,5.3,0.89,0.55,9,0.491883915,1.588071585
29,6,0.3,9.5,0.62,0.27,4,0.467071462,0.477238894
29,8,8.7,6,0.67,0.16,5,0.462962963,2.127794981
29,2,4.4,5.3,0.84,0.95,10,0.474158369,0.138908148
29,7,2.4,5.1,0.55,0.61,9,0.490196078,1.147040844
29,6,1.6,2.1,0.82,0.95,8,0.466200466,0.497732639
29,5,3.6,3.2,0.17,0.37,5,0.464900046,0.223871708
29,2,5.5,6.1,0.84,0.6,5,0.478240077,0.065962076
29,3,3.3,3,0.87,0.62,6,0.490918017,0.155894995
29,2,2.3,2,0.58,0.26,1,0.474833808,0.016989231
29,8,4.1,2.8,0.3,0.72,3,0.453514739,0.235862732
29,5,1.3,4.1,0.31,0.73,2,0.465332713,0.094966173
29,4,8.4,2.1,0.62,0.91,6,0.469043152,0.2128582
29,4,2.2,2.9,0.36,0.87,6,0.481695568,0.28083992
29,8,0.7,3.5,0.78,0.28,2,0.465332713,0.438748121
29,6,4.6,1.4,0.83,0.25,8,0.474833808,1.811964273
29,8,2.1,1.5,0.33,0.59,2,0.433087917,0.205882311
29,8,6.6,4.3,0.26,0.08,1,0.462962963,0.39177537
29,2,9,4.1,0.71,0.48,7,0.462962963,0.11495471
29,8,3.8,4.9,0.18,0.73,6,0.5,1.18632102
29,6,5.4,5.6,0.28,0.32,3,0.461254613,0.224851847
29,2,6.4,6.8,0.62,0.82,6,0.482858522,0.084982157
29,7,7.1,4.5,0.58,0.72,3,0.508646999,0.279781103
29,8,9.4,4.1,0.26,0.58,2,0.445831476,0.3118186
29,2,5.4,6.1,0.49,0.58,6,0.474833808,0.088948965
29,4,4.5,4.6,0.85,0.84,5,0.5,0.234865665
29,4,6.7,2,0.93,0.49,2,0.483558994,0.078974724
29,3,6.2,1,0.76,0.72,8,0.492368291,0.219874382
29,8,4.4,9.2,0.26,0.31,4,0.466200466,0.70959425
29,2,0.4,3.7,0.92,0.41,10,0.482858522,0.191890478
29,3,8.3,2.7,0.54,0.35,9,0.453926464,0.278820038
29,7,5.2,9.5,0.68,0.84,7,0.508646999,0.652627468
29,3,2.9,0.3,0.24,0.81,2,0.461680517,0.057970047
29,3,2.1,1.1,0.18,0.72,10,0.486854917,0.326813459
29,5,8.5,2.6,0.82,0.83,4,0.439947206,0.479723215
29,4,6.8,4.6,0.73,0.08,6,0.5,0.173899889
29,8,2.7,2.3,0.37,0.81,3,0.488042948,0.84053874
29,3,2.9,2.1,0.26,0.8,2,0.462962963,0.055947781
29,8,3.4,2.7,0.12,0.19,9,0.467071462,2.123806238
29,4,5.9,1.9,0.78,0.34,8,0.4995005,0.319799185
29,5,5.1,1.1,0.8,0.65,3,0.430292599,0.236864805
29,6,8.9,0.8,0.08,0.73,8,0.474833808,0.826545477
29,8,4.9,7.7,0.07,0.67,8,0.466200466,1.240273952
29,6,0.7,6.5,0.1,0.95,9,0.5,0.91047883
29,6,7.4,1.5,0.49,0.95,1,0.40371417,0.169899702
29,8,0.6,5.9,0.61,0.31,7,0.464900046,1.482171535
29,8,7.1,4.3,0.33,0.52,10,0.5,1.320226192
29,6,3.1,1.8,0.21,0.38,6,0.464900046,0.42175889
29,3,4.1,7.5,0.75,0.26,1,0.464900046,0.023005486
29,7,7.9,1,0.68,0.87,3,0.461680517,0.135902166
29,8,9,8.1,0.77,0.61,5,0.485672657,0.732581377
29,2,0.5,0.3,0.85,0.51,5,0.467726848,0.071958542
29,8,5.9,4.1,0.07,0.44,4,0.464900046,0.340805531
29,4,1.6,0.8,0.93,0.5,8,0.48756704,0.348800659
29,4,4,1,0.16,0.67,1,0.42462845,0.039977551
29,7,1.9,5.6,0.43,0.79,4,0.490196078,0.194890738
29,4,4.3,1.2,0.54,0.09,7,0.464900046,1.050397396
29,8,4.9,2.2,0.35,0.37,2,0.445831476,0.372787237
29,4,7.2,4.1,0.73,0.93,5,0.5,0.222873211
29,2,8.8,4.4,0.95,0.95,1,0.45620438,0.022005796
29,4,2.5,7.2,0.72,0.8,9,0.474833808,0.470710754
29,3,1.9,6.5,0.73,0.84,8,0.461893764,0.314841032
29,4,8.6,6.4,0.7,0.21,3,0.448833034,0.093926191
29,6,8.2,8.6,0.8,0.48,7,0.493339911,1.055396557
29,3,8.1,4.8,0.56,0.88,4,0.5,0.122928858
29,4,2.3,5.3,0.27,0.19,8,0.467071462,0.412764072
29,7,3.3,4.3,0.72,0.77,1,0.428265525,0.183895111
29,4,0.6,6.6,0.07,0.81,3,0.446827525,0.168903351
29,4,8,8.7,0.66,0.67,8,0.459136823,0.386798143
29,2,3.8,4.4,0.61,0.93,3,0.465332713,0.043955326
29,5,7.8,0.1,0.14,0.71,3,0.43421624,0.107943535
29,7,0.8,3.3,0.34,0.82,7,0.5,0.754565954
29,5,0.2,0.4,0.94,0.91,6,0.492125984,0.376784325
29,8,4.2,2.9,0.45,0.22,8,0.474833808,2.892363071
29,3,6.2,2.3,0.1,0.88,7,0.474833808,0.23784399
29,3,2.9,3.4,0.85,0.38,7,0.521376434,0.243860483
29,3,6.1,7.3,0.8,0.84,9,0.479386385,0.288835764
29,4,5.2,5.1,0.69,0.48,1,0.436300175,0.069960594
29,3,1.3,4.5,0.95,0.16,10,0.5,0.259870768
29,3,4.8,8.9,0.72,0.48,3,0.464900046,0.086949825
29,3,0.8,3.8,0.91,0.26,9,0.486854917,0.259851933
29,4,3.6,6.4,0.25,0.06,6,0.466200466,0.281818151
29,2,3.1,6.4,0.74,0.12,5,0.462962963,0.074960232
29,8,7.3,8.4,0.13,0.12,8,0.5,2.545541048
29,4,0.5,9,0.5,0.58,9,0.465549348,0.449746132
29,4,0.3,0.7,0.64,0.21,3,0.461254613,0.122947454
29,6,4.6,0.3,0.43,0.85,2,0.488042948,0.128906488
29,7,5.8,5.6,0.34,0.36,2,0.462962963,0.171901703
29,3,6.2,6,0.36,0.26,8,0.459770115,0.211898565
29,7,0.2,9.5,0.79,0.92,6,0.466200466,0.61164999
29,3,0.8,1.4,0.49,0.48,2,0.437636761,0.101923466
29,5,1.1,2.3,0.17,0.48,1,0.464900046,0.038979292
29,5,6.6,2.8,0.57,0.79,1,0.431778929,0.032997847
29,8,3.2,3.5,0.35,0.32,2,0.466200466,0.623624563
29,7,2.4,3,0.09,0.53,5,0.474833808,0.701601505
29,6,2,0.4,0.32,0.05,2,0.441111601,0.158925533
29,6,3.6,7.4,0.33,0.28,7,0.474833808,0.82650733
29,7,6.1,8.9,0.13,0.17,8,0.5,0.951457977
29,8,2.2,3.1,0.78,0.42,10,0.5,2.144889355
29,5,5.6,4,0.49,0.67,3,0.458715596,0.207880259
29,4,9.4,7.3,0.5,0.28,4,0.465332713,0.169902325
29,6,7.9,3,0.68,0.12,1,0.462962963,0.049971581
29,2,2.6,5.9,0.12,0.44,6,0.490196078,0.101942539
29,5,8.8,8.9,0.62,0.84,2,0.466200466,0.238883018
29,2,8.1,5.4,0.41,0.93,7,0.461893764,0.13090539
29,8,2.2,5.8,0.22,0.23,7,0.465332713,1.856937885
29,5,6,8.9,0.06,0.81,9,0.465332713,0.580669165
29,4,7.5,7.7,0.27,0.58,1,0.490196078,0.054967403
29,3,4.2,9.1,0.16,0.69,1,0.432152118,0.024985313
29,6,1.3,4.1,0.38,0.83,3,0.464900046,0.232871294
29,4,2.1,0.1,0.85,0.76,8,0.450653447,0.37877965
29,6,5.8,9.4,0.46,0.26,2,0.461893764,0.373786211
29,4,4.1,1.9,0.78,0.81,6,0.465332713,0.481744289
29,3,3.3,8,0.09,0.44,3,0.448833034,0.101923704
29,7,5.6,2.7,0.2,0.27,3,0.453514739,0.647630215
29,5,6.5,1,0.44,0.24,2,0.433087917,0.106955051
29,4,6.5,3.6,0.94,0.43,4,0.466200466,0.164889097
29,7,5.8,2,0.23,0.05,6,0.5,0.716589928
29,5,6.4,7.6,0.53,0.17,8,0.465549348,0.64962554
29,6,5.8,0.3,0.05,0.25,5,0.460617227,0.418780565
29,2,3.6,0.1,0.17,0.24,9,0.504540868,0.223851681
29,3,0.7,5.9,0.32,0.89,7,0.465332713,0.216876745
29,8,2.5,2.8,0.22,0.29,6,0.461893764,0.8555305
29,4,5.5,3.4,0.6,0.13,6,0.5,0.311804295
29,5,8.3,8.9,0.69,0.38,10,0.474833808,0.812534094
29,5,5.4,2,0.89,0.64,6,0.490196078,0.295829773
29,2,5.8,6.8,0.08,0.21,5,0.466200466,0.105958939
29,5,2.3,1.2,0.55,0.65,8,0.490677134,0.70557642
29,5,3.5,4.8,0.78,0.54,3,0.488042948,0.181916237
29,2,7,3.3,0.31,0.33,2,0.5,0.028963804
29,2,3.6,0.8,0.25,0.7,3,0.466200466,0.039976597
29,7,6,1.2,0.36,0.61,6,0.467071462,0.945459604
29,6,7.9,4.4,0.55,0.76,8,0.488042948,1.173329115
29,6,7.6,4.7,0.9,0.64,5,0.4995005,0.440761089
29,8,2.1,1.6,0.67,0.13,5,0.474833808,0.779545546
29,2,5.7,4.4,0.44,0.8,9,0.490196078,0.161902905
29,6,4.6,5.4,0.1,0.62,6,0.465332713,1.035427809
29,6,5.5,7.1,0.33,0.14,8,0.5,1.014400005
29,7,3.3,4.3,0.17,0.61,8,0.467726848,1.211308479
29,7,4.5,0.4,0.19,0.13,8,0.462962963,0.926469088
29,2,2.7,4,0.71,0.59,6,0.5,0.090950727
29,8,4.4,7.7,0.1,0.56,3,0.461254613,0.328809261
29,8,0.1,5.9,0.81,0.19,9,0.459770115,1.44217515
29,8,9.3,8.8,0.78,0.35,6,0.5,1.253303289
29,8,0.3,4.8,0.84,0.56,2,0.5,0.147895336
29,3,1.2,4.1,0.2,0.63,5,0.488042948,0.153912306
29,7,8.8,8.5,0.06,0.89,3,0.490677134,0.619645834
29,2,6.2,3.8,0.26,0.18,9,0.474833808,0.139919758
29,4,3.5,2,0.2,0.65,9,0.490677134,0.346804619
29,2,5.4,6.5,0.15,0.94,3,0.461254613,0.05896616
29,4,1.3,5.9,0.95,0.49,8,0.464900046,0.48272419
29,7,6.2,1.3,0.94,0.13,5,0.466200466,0.776552916
29,7,4.6,5.7,0.15,0.67,3,0.466200466,0.307823658
29,6,1.2,7.5,0.87,0.9,3,0.485672657,0.320837259
29,8,1.6,3.6,0.07,0.61,6,0.5,0.766560793
29,4,3.1,1.8,0.62,0.73,9,0.469483568,0.372769594
29,4,2.6,2.6,0.29,0.9,2,0.448833034,0.128923416
29,5,4.4,9.2,0.91,0.61,5,0.462962963,0.298829556
29,7,0.2,0.4,0.6,0.88,3,0.48756704,0.307826996
29,3,3,5,0.1,0.29,10,0.464900046,0.377783537
29,2,4.6,3.2,0.91,0.41,3,0.42973786,0.068960428
29,6,8.1,3.8,0.58,0.33,3,0.448833034,0.24785614
29,7,0.7,7.5,0.27,0.12,4,0.467071462,0.385778666
29,3,5.5,4.6,0.92,0.68,9,0.485201359,0.27684474
29,4,5.3,6.5,0.19,0.13,5,0.474833808,0.521701097
29,4,0.1,3.2,0.55,0.27,9,0.5,0.772598743
29,8,3.5,6.7,0.87,0.61,6,0.5,1.440484285
29,4,0.4,6.4,0.57,0.86,2,0.433087917,0.065941334
29,4,3.1,1.3,0.2,0.91,1,0.467071462,0.021987438
29,8,0.9,0.4,0.62,0.14,9,0.467071462,1.897918224
29,5,5.2,7.2,0.43,0.59,8,0.465332713,0.689604998
29,5,0.1,9.5,0.32,0.29,2,0.458715596,0.102941513
29,8,0.5,3,0.24,0.13,3,0.461893764,0.314816952
29,8,6,8.1,0.57,0.75,8,0.486854917,2.571532488
29,5,3.7,1.6,0.18,0.41,6,0.474833808,0.363788843
29,5,0.3,3.6,0.62,0.1,5,0.467071462,0.374785423
29,6,3.7,7.3,0.51,0.67,9,0.467071462,0.719588757
29,7,5.1,0.3,0.75,0.45,2,0.452693526,0.111935854
29,6,9,6.7,0.49,0.94,6,0.469043152,0.800544739
29,5,8.9,7.4,0.93,0.93,2,0.444444444,0.11593318
29,4,5.1,6,0.84,0.48,8,0.459770115,0.468733549
29,4,9.2,1.5,0.26,0.25,7,0.5,0.474727631
29,4,3.2,8.2,0.35,0.73,8,0.474833808,0.290830851
29,4,1.8,5.5,0.89,0.08,9,0.5,0.408766031
29,8,5.3,0.4,0.44,0.65,10,0.474608448,0.905482292
29,7,2,7.7,0.71,0.41,8,0.458715596,1.203312159
29,2,0.4,3.8,0.95,0.79,9,0.490196078,0.135922194
29,6,1.4,4.1,0.82,0.69,6,0.5,0.33980608
29,4,6.2,4.5,0.87,0.93,5,0.466200466,0.322814941
29,3,7.9,0.5,0.68,0.06,6,0.5,0.10893774
29,8,2.4,3.2,0.52,0.67,8,0.5,1.326244831
29,4,7.3,6.5,0.92,0.15,6,0.480538203,0.276841402
29,4,3.1,5,0.28,0.56,6,0.508646999,0.310821056
29,2,3,3.9,0.32,0.92,9,0.462962963,0.146915674
29,2,9,3,0.56,0.06,4,0.461893764,0.056967497
29,2,4.9,8.7,0.89,0.43,1,0.445831476,0.029983044
29,8,2.9,7.9,0.61,0.17,7,0.5,1.164331198
29,8,3.3,0.9,0.41,0.46,2,0.488042948,0.724585772
29,2,0.3,1.4,0.14,0.86,5,0.466200466,0.067960978
29,2,2.9,0.2,0.9,0.64,2,0.441891295,0.035979271
29,4,0.7,3.1,0.8,0.56,1,0.432152118,0.037978411
29,7,3.4,6.5,0.27,0.35,2,0.474833808,0.159911633
29,4,0.1,0.5,0.94,0.72,10,0.482858522,0.516704559
29,5,5,2,0.37,0.32,2,0.462962963,0.099939823
29,3,2.6,7.5,0.77,0.69,6,0.467726848,0.220876932
29,4,2.3,5.9,0.56,0.67,5,0.469483568,0.299828291
29,6,1.5,3.5,0.71,0.59,2,0.462962963,0.261850357
29,7,9.2,8.5,0.43,0.75,6,0.466200466,1.354225397
29,2,3.3,0.6,0.15,0.25,4,0.461893764,0.058966398
29,8,7.7,3.8,0.55,0.11,8,0.5,1.774982214
29,3,7.8,9.5,0.44,0.29,7,0.466200466,0.203903675
29,6,4.8,8.4,0.69,0.62,8,0.474833808,0.602637768
29,3,1.9,3.5,0.88,0.44,5,0.466200466,0.150912762
29,2,2.9,8.9,0.3,0.29,4,0.490677134,0.068959951
29,8,1.2,2.7,0.34,0.19,3,0.462962963,0.655625343
29,2,2.9,6.1,0.74,0.87,6,0.469483568,0.107937813
29,2,8.8,7.9,0.52,0.79,9,0.474158369,0.172901154
29,2,8.4,3.6,0.17,0.75,4,0.5,0.068960428
29,2,2.1,1.2,0.5,0.81,8,0.474833808,0.120931387
29,3,5.6,6.7,0.09,0.17,1,0.432152118,0.044974804
29,7,1.8,6.1,0.9,0.74,8,0.5,1.326241732
29,3,1.2,5.9,0.15,0.8,5,0.508646999,0.124927759
29,8,7.9,7,0.24,0.08,7,0.462962963,0.964466333
29,2,4.6,1.7,0.5,0.31,3,0.445831476,0.042974949
29,3,5.3,5.9,0.12,0.35,9,0.465549348,0.230850458
29,3,4,2.1,0.84,0.69,1,0.431965443,0.022986889
29,6,0.5,7.4,0.15,0.45,4,0.467071462,0.572672606
29,4,4.8,1,0.34,0.33,3,0.441111601,0.143917561
29,6,3.2,7.8,0.6,0.64,1,0.465332713,0.06396246
29,8,8.5,6.7,0.69,0.12,10,0.474833808,1.825956106
29,5,8.5,8.6,0.8,0.53,9,0.467071462,0.582666874
29,2,5.5,2.5,0.53,0.72,6,0.508646999,0.106938601
29,4,5.8,3.3,0.06,0.22,7,0.465332713,0.504710436
29,8,8.2,3.4,0.18,0.33,9,0.474833808,1.534120083
29,4,5.8,2.1,0.21,0.61,3,0.461893764,0.097943783
29,8,5.2,1.7,0.54,0.21,1,0.437636761,0.119951963
29,7,8.1,6.1,0.75,0.26,1,0.466200466,0.224871397
29,8,0.5,9,0.13,0.34,2,0.462962963,0.295813322
29,5,5.7,0.9,0.72,0.84,1,0.423908436,0.095945835
29,6,0.8,8.9,0.81,0.1,5,0.474833808,0.252872229
29,2,2.6,4.2,0.71,0.13,10,0.467071462,0.151912928
29,7,2.9,9.4,0.53,0.83,3,0.466200466,0.188892126
29,7,8.2,1.7,0.76,0.66,8,0.480538203,0.831506968
29,6,4,4.2,0.71,0.34,7,0.481695568,0.685607672
29,8,2.3,3,0.72,0.66,10,0.466200466,1.803985596
29,2,4.2,0.9,0.06,0.53,4,0.5,0.055968046
29,6,2.3,7.1,0.67,0.75,8,0.467071462,0.462714672
29,8,3.6,3.7,0.37,0.78,4,0.461893764,0.449742794
29,7,3.9,4.4,0.25,0.63,2,0.467071462,0.17789793
29,7,7.3,6.9,0.53,0.37,7,0.461893764,0.851513147
29,8,6.7,8.5,0.37,0.28,6,0.464900046,0.938467264
29,4,4.7,5,0.9,0.14,3,0.5,0.138916492
29,6,1.8,3.8,0.21,0.63,6,0.467071462,0.580688238
29,5,6.9,4.2,0.27,0.41,1,0.464900046,0.082952499
29,5,4.4,7.7,0.86,0.85,7,0.5,0.585647583
29,2,7.1,3.2,0.68,0.82,10,0.466200466,0.177898169
29,7,8,8.1,0.14,0.29,8,0.465332713,1.375211
29,3,2,6.5,0.76,0.12,8,0.461254613,0.155931234
29,4,7.7,3.9,0.15,0.63,9,0.462962963,0.465733528
29,4,0.4,2.1,0.3,0.76,7,0.486854917,0.287815094
29,7,8.7,8.1,0.95,0.87,6,0.481231954,0.508709192
29,7,6.1,9.2,0.85,0.29,3,0.437636761,0.328812122
29,3,1.1,6.6,0.89,0.06,3,0.5,0.068960428
29,2,8.7,0.6,0.71,0.27,10,0.5,0.131924391
29,4,4.2,8.9,0.2,0.39,2,0.459770115,0.084951162
29,7,8.4,1.5,0.47,0.94,5,0.459770115,0.671637774
29,4,0.6,1.1,0.94,0.82,10,0.481695568,0.532694101
29,7,4,7.3,0.66,0.21,1,0.462962963,0.103940725
29,4,3.1,2.9,0.27,0.43,8,0.462962963,0.324814558
29,3,1.3,2.3,0.49,0.45,4,0.462962963,0.110936403
29,8,4,8.3,0.17,0.66,8,0.486854917,1.32921958
29,7,2.5,8.1,0.79,0.91,8,0.486854917,1.038409472
29,6,2.6,8.1,0.57,0.56,9,0.474833808,0.868503332
29,2,0.3,8.4,0.41,0.52,5,0.465332713,0.084951401
29,7,3.3,5,0.29,0.2,3,0.458715596,0.531695843
29,7,1.3,0.6,0.07,0.13,3,0.461893764,0.740576029
29,3,0.5,7.4,0.67,0.21,10,0.469483568,0.292832136
29,3,2.4,5.2,0.58,0.58,3,0.448833034,0.089948654
29,6,1.6,2.4,0.21,0.76,1,0.433087917,0.096944809
29,6,7.5,7.9,0.29,0.39,4,0.466200466,0.518702984
29,6,5.1,2.1,0.35,0.15,1,0.428265525,0.127926111
29,4,2.9,4,0.29,0.06,7,0.466200466,0.256870747
29,5,5.3,3.1,0.48,0.05,3,0.5,0.126927853
29,2,3.9,6,0.52,0.2,10,0.474833808,0.139899492
29,2,6.2,7,0.22,0.11,2,0.448833034,0.034979582
29,7,8.6,6.7,0.74,0.14,6,0.5,1.047421455
29,5,2.4,6.6,0.59,0.92,6,0.462962963,0.361776352
29,6,8.4,1.9,0.7,0.58,7,0.491159136,0.509708405
29,6,1.8,6.7,0.57,0.7,7,0.465332713,1.011421204
29,2,4.2,1,0.65,0.3,3,0.491159136,0.038977623
29,8,8.6,0.4,0.22,0.52,2,0.462320851,0.354797125
29,7,8.2,1.9,0.35,0.59,3,0.446827525,0.252855539
29,4,6.3,6.1,0.52,0.15,2,0.461254613,0.146916389
29,5,5.1,4.1,0.53,0.75,7,0.465332713,0.747571945
29,8,4.3,9.1,0.18,0.36,10,0.466200466,1.670062304
29,5,4,9.4,0.24,0.7,5,0.458715596,0.196870565
29,6,7,8.3,0.18,0.19,1,0.428265525,0.147915125
29,8,5.7,8.3,0.65,0.39,9,0.474833808,1.848941326
29,2,1.9,0.7,0.73,0.29,7,0.474833808,0.11992979
29,8,8.1,8.1,0.75,0.19,5,0.466200466,0.683609486
29,4,8.2,0.6,0.73,0.65,3,0.483792937,0.105939388
29,3,7.3,8.4,0.66,0.64,5,0.474833808,0.150916815
29,3,8.4,1,0.91,0.94,7,0.454545455,0.179893732
29,7,1.1,0.6,0.24,0.39,8,0.462962963,0.812555552
29,8,7.5,9.3,0.81,0.4,4,0.461893764,0.825507879
29,2,2,3.2,0.47,0.56,7,0.441111601,0.10793829
29,6,6.7,8.6,0.37,0.57,2,0.467726848,0.105960608
29,3,0.4,4.9,0.17,0.45,2,0.459770115,0.048972607
29,5,8.8,3,0.17,0.85,5,0.486854917,0.251837254
29,3,1.2,1.8,0.7,0.85,8,0.474833808,0.233863354
29,5,4.5,7.2,0.91,0.6,5,0.466200466,0.298833132
29,4,8.1,1.3,0.18,0.74,3,0.462962963,0.14791441
29,5,9.4,8.9,0.13,0.09,1,0.428265525,0.031981468
29,2,7.8,1.8,0.14,0.7,10,0.482858522,0.193907022
29,4,5.6,2.1,0.07,0.44,6,0.488042948,0.238845348
29,6,1.4,1.2,0.54,0.2,5,0.441111601,0.497715712
29,4,6.9,1.4,0.62,0.05,3,0.462962963,0.188891649
29,3,6.9,1.1,0.82,0.33,2,0.481695568,0.050971031
29,4,6.9,2.7,0.57,0.37,10,0.466200466,0.438749075
29,2,9.1,9.5,0.7,0.4,5,0.438212095,0.10893774
29,6,7.1,7.5,0.74,0.93,5,0.482858522,0.203883648
29,3,4.3,6.2,0.21,0.59,8,0.474833808,0.277840614
29,5,5.8,6.1,0.43,0.46,3,0.453514739,0.199884892
29,3,7.2,5,0.17,0.92,3,0.464900046,0.070959568
29,2,9.3,0.8,0.55,0.85,4,0.472366556,0.085950613
29,5,3.4,6.3,0.54,0.19,10,0.5,0.741576433
29,7,5,6.7,0.82,0.27,6,0.5,0.951456308
29,3,4.5,1.7,0.91,0.28,10,0.465332713,0.23987937
29,3,7.7,7.7,0.93,0.57,2,0.459136823,0.053969622
29,8,9.2,5.9,0.74,0.48,1,0.430292599,0.053969145
29,3,4.2,6.4,0.54,0.75,7,0.508646999,0.148915052
29,2,6.7,2.5,0.53,0.58,8,0.508646999,0.124910355
29,7,6.7,6.4,0.6,0.8,2,0.490196078,0.365791559
29,4,2.9,5.9,0.95,0.39,4,0.453514739,0.159908533
29,7,4.9,5.9,0.27,0.63,8,0.482858522,0.94547677
29,4,4.9,0.5,0.69,0.09,3,0.446428571,0.128926039
29,4,1.4,5.3,0.25,0.64,9,0.482858522,0.401770115
29,8,6.1,5.8,0.8,0.69,9,0.482858522,1.560108423
29,3,6.9,7.2,0.54,0.06,7,0.467071462,0.171885252
29,5,9,3.1,0.13,0.85,3,0.474833808,0.180897236
29,3,6.2,0.2,0.11,0.94,7,0.465549348,0.202883482
29,8,2,8.4,0.44,0.39,8,0.465332713,1.448168516
29,7,1,1.9,0.91,0.33,2,0.443262411,0.241861343
29,5,0.4,4.7,0.3,0.43,8,0.467071462,0.531699896
29,6,2.3,1.5,0.4,0.57,1,0.465332713,0.064962387
29,2,2.8,6.3,0.08,0.91,9,0.5,0.133923292
29,7,3,2.7,0.79,0.8,8,0.466200466,1.101366758
29,2,2.4,8.9,0.18,0.44,10,0.508646999,0.183894634
29,2,2.9,7.5,0.07,0.22,8,0.467071462,0.125928164
29,4,4.6,5,0.9,0.08,3,0.459770115,0.152912617
29,6,7.5,9.5,0.89,0.77,4,0.461893764,0.308843851
29,3,7.9,9.4,0.3,0.17,2,0.461254613,0.033963203
29,7,8.4,6.6,0.32,0.95,5,0.462962963,0.526695967
29,3,6.2,4.2,0.88,0.49,5,0.462962963,0.148914814
29,3,4.9,4,0.57,0.11,2,0.474833808,0.053968906
29,4,4.9,2.5,0.09,0.85,3,0.466200466,0.138941288
29,8,8.7,0.5,0.11,0.39,9,0.464900046,1.669028044
29,6,0.5,4.8,0.34,0.79,3,0.490196078,0.149914503
29,4,9.5,7.2,0.44,0.95,1,0.461254613,0.050970554
29,6,9.4,3.1,0.23,0.54,3,0.474833808,0.292832851
29,5,3,1.4,0.51,0.71,2,0.459770115,0.193886042
29,6,8.1,3.3,0.56,0.71,5,0.490677134,0.30082798
29,5,1.8,2.8,0.18,0.09,3,0.464900046,0.125948191
29,6,8.3,3.7,0.4,0.12,9,0.462962963,0.80052495
29,6,4.6,4.8,0.37,0.94,6,0.5,0.550682068
29,4,9.5,9.1,0.18,0.77,7,0.466200466,0.322815418
29,3,9,6.1,0.07,0.66,3,0.453514739,0.079954386
29,8,3.7,8.2,0.62,0.17,7,0.5,1.096378565
29,6,7.3,8,0.85,0.09,5,0.466200466,0.557678461
29,2,1.2,6.2,0.29,0.3,3,0.461893764,0.050970554
29,8,2.2,5.2,0.22,0.91,8,0.488042948,2.522555113
29,2,0.2,7.4,0.36,0.73,3,0.482858522,0.045973301
29,7,7.7,2.6,0.15,0.88,2,0.465332713,0.273843527
29,8,4.4,5.7,0.72,0.25,7,0.466200466,1.110365152
29,6,8.5,0.3,0.08,0.38,8,0.481000481,0.576690912
29,6,7,1.8,0.92,0.42,4,0.433275563,0.358776808
29,4,7,4.6,0.23,0.63,3,0.448833034,0.091946602
29,3,2.6,4.6,0.64,0.61,8,0.5,0.27684164
52,7,1.5,6.6,0.75,0.06,8,0.124595066,19.30795908
52,7,3.9,4.7,0.57,0.74,6,0.123258967,14.52369595
52,8,6.7,0.9,0.71,0.45,3,0.119289037,10.08622932
52,6,2.1,0.4,0.56,0.67,4,0.136780194,3.64491868
52,2,6.5,2.7,0.93,0.65,6,0.130941469,0.440765381
52,2,0.6,9.3,0.32,0.78,4,0.124595066,0.376784563
52,2,1,7.5,0.64,0.68,2,0.119545726,0.081936598
52,5,6.7,4.9,0.06,0.25,3,0.120019203,1.457166433
52,5,1,6.4,0.21,0.53,2,0.121921483,0.412763596
52,7,3.4,9.5,0.75,0.2,7,0.136780194,12.28896999
52,4,4.3,1.7,0.59,0.61,6,0.120076849,0.872500896
52,3,6.5,9.3,0.51,0.9,7,0.124595066,1.362241983
52,3,4,5,0.53,0.91,2,0.123517787,0.241843939
52,7,3.2,7.8,0.68,0.62,8,0.136817622,19.1590445
52,6,3,0.5,0.72,0.06,1,0.136780194,0.177915335
52,6,2.2,1,0.51,0.55,7,0.121921483,8.90789032
52,7,5.4,2.7,0.69,0.51,8,0.124548512,9.746896505
52,3,8.7,1,0.94,0.46,7,0.122955859,1.11636138
52,8,7.7,0.5,0.64,0.56,9,0.135482997,33.52729535
52,3,7.7,3.7,0.7,0.15,6,0.132345156,1.127355814
52,4,1.4,5.1,0.12,0.38,3,0.136780194,0.556678295
52,3,6.2,1.5,0.2,0.75,8,0.120714631,0.97744441
52,7,6.1,3.4,0.66,0.9,7,0.136817622,8.456181765
52,4,6.9,2,0.85,0.77,5,0.126023945,0.943442822
52,5,5.6,2.5,0.67,0.37,5,0.124734938,4.703308105
52,6,6.9,2.6,0.55,0.75,6,0.124595066,3.697885513
52,3,3.3,7.5,0.3,0.26,9,0.124548512,1.296261787
52,5,1.7,2.4,0.49,0.82,8,0.136817622,5.190028906
52,6,6.4,1.8,0.86,0.87,1,0.122639195,0.110937119
52,8,3.9,7,0.9,0.32,7,0.124595066,40.67674398
52,4,4.3,7.6,0.33,0.31,9,0.121921483,3.595939636
52,5,6.7,7.9,0.78,0.83,1,0.118920205,1.112367392
52,8,2.5,7.2,0.28,0.76,3,0.136817622,7.704591274
52,3,9.3,2.1,0.54,0.83,2,0.122100122,0.114937544
52,5,4.2,4.3,0.82,0.07,5,0.136780194,2.554535866
52,8,0.1,3.7,0.8,0.88,2,0.119545726,3.301112175
52,8,2.8,1,0.74,0.79,3,0.1200048,2.531572819
52,4,8.6,1.7,0.72,0.13,2,0.114652603,0.67561388
52,7,1.3,8.5,0.64,0.79,3,0.119146908,8.94188714
52,2,9,8.5,0.08,0.06,1,0.120569086,0.050970316
52,2,8.5,5.4,0.5,0.17,6,0.124548512,0.629640341
52,8,7.4,5.3,0.21,0.26,9,0.123258967,36.97883391
52,5,2,6.8,0.81,0.86,7,0.120714631,4.028699398
52,2,6.9,5,0.52,0.7,8,0.123517787,0.636632919
52,5,6.8,0.8,0.41,0.58,1,0.124595066,0.146936178
52,7,3.1,0.7,0.36,0.75,8,0.136817622,16.39341402
52,7,4.7,9,0.89,0.52,10,0.136817622,30.92469096
52,3,1.8,5.3,0.73,0.59,6,0.123563573,0.819532633
52,6,7.1,8.6,0.18,0.82,7,0.124595066,9.667470694
52,3,8.4,8.9,0.41,0.43,2,0.116211505,0.200882196
52,6,5.7,6.9,0.31,0.8,1,0.115593573,1.21232748
52,3,4,8.9,0.83,0.3,9,0.136817622,1.210290194
52,5,6.7,4.9,0.3,0.15,9,0.124548512,5.091089249
52,5,1.3,2.7,0.89,0.76,1,0.127388535,0.321812391
52,6,2.8,7.2,0.83,0.05,4,0.124595066,6.843107224
52,6,4.2,4.8,0.46,0.93,7,0.124595066,13.75012064
52,6,5.4,3.1,0.22,0.68,2,0.120409392,0.642629623
52,6,0.8,8.4,0.5,0.24,3,0.121921483,3.134207726
52,8,6,2.3,0.15,0.85,10,0.120076849,26.9150815
52,8,1.8,7.1,0.27,0.09,4,0.124548512,17.15063453
52,7,2.7,7.5,0.73,0.53,3,0.11907597,7.240880013
52,7,3.1,1.6,0.06,0.08,7,0.136817622,23.72943115
52,3,3.7,2.2,0.87,0.12,9,0.130975769,1.707005501
52,4,3,0.2,0.42,0.08,2,0.119274809,0.204884052
52,5,2,0.3,0.94,0.91,2,0.115180834,1.895932913
52,2,7.8,2.6,0.16,0.55,7,0.120279047,0.620624781
52,5,7.3,1.2,0.8,0.12,3,0.118595825,0.947458267
52,7,8,3.8,0.94,0.26,7,0.126598304,13.94602847
52,3,4.5,5.2,0.65,0.24,5,0.124069479,0.700599432
52,6,1.2,6.1,0.79,0.59,1,0.113973102,1.054414988
52,8,5.9,7.6,0.13,0.82,10,0.136817622,26.50282407
52,8,0.2,0.1,0.7,0.06,5,0.124069479,21.15090895
52,3,3.6,8.4,0.1,0.8,2,0.118581762,0.401770115
52,4,8.9,0.7,0.93,0.27,8,0.125992188,2.87635231
52,2,0.8,6,0.88,0.42,2,0.120019203,0.097947121
52,2,6.1,9.4,0.41,0.44,7,0.136817622,0.38277936
52,5,3.4,2.8,0.28,0.11,10,0.136780194,5.024125576
52,3,4.6,6.4,0.77,0.73,6,0.122699387,0.820551157
52,8,8.4,6.8,0.78,0.33,6,0.124548512,26.41387606
52,2,3.4,0.3,0.36,0.16,2,0.118008025,0.143917322
52,6,6.6,2.8,0.05,0.05,2,0.121921483,3.103245735
52,6,0.6,4.5,0.17,0.86,1,0.118008025,0.559659958
52,3,9.3,0.5,0.28,0.86,4,0.127080951,1.185342312
52,8,4.9,6.6,0.11,0.15,10,0.124595066,85.97681689
52,3,6,6.7,0.57,0.72,6,0.121921483,0.613669395
52,3,6.8,6.3,0.68,0.63,5,0.122100122,0.501695395
52,5,5.2,7.8,0.78,0.82,3,0.123517787,0.821530819
52,7,6.7,4.3,0.57,0.07,3,0.11907597,4.306536913
52,8,2,8.6,0.27,0.2,3,0.119460041,11.69630909
52,6,4,6.2,0.51,0.05,6,0.124595066,3.61393404
52,7,6,7.1,0.11,0.15,8,0.123517787,16.31666946
52,6,4.5,7.3,0.43,0.58,1,0.118259224,0.372807026
52,7,4.3,6.4,0.12,0.86,10,0.136817622,28.93443441
52,7,2,3.6,0.11,0.38,2,0.120714631,4.525412798
52,5,7.3,3.7,0.28,0.31,6,0.119631535,2.498574257
52,3,2.8,3.7,0.81,0.73,9,0.124921924,1.6090765
52,5,8.6,8,0.9,0.25,4,0.120076849,2.010850191
52,8,6.3,4.5,0.68,0.51,2,0.11907597,1.299260139
52,4,2.8,6.5,0.69,0.31,5,0.11907597,1.3742311
52,2,6.6,4.9,0.53,0.57,1,0.11149515,0.039977789
52,6,2,7,0.56,0.71,6,0.124548512,5.97256732
52,5,5.1,7.8,0.34,0.71,4,0.119860961,2.718442678
52,5,9.3,8.2,0.17,0.21,9,0.136817622,3.058270931
52,3,4.9,8.5,0.9,0.08,7,0.126903553,0.928451538
52,2,8.4,4.7,0.42,0.76,9,0.122100122,0.536710978
52,3,9.2,5.2,0.95,0.73,8,0.132345156,1.240271568
52,4,2.6,6.2,0.07,0.25,7,0.136780194,1.669047594
52,2,9.3,6.9,0.26,0.46,10,0.124595066,0.773574829
52,5,2.3,7.7,0.66,0.61,9,0.119631535,6.42732501
52,8,4.6,7.8,0.2,0.7,7,0.136780194,17.19416738
52,4,2.9,1.6,0.48,0.92,9,0.123517787,3.345087767
52,2,4.8,7.2,0.19,0.41,8,0.136817622,0.484705925
52,8,5.8,3.1,0.51,0.85,4,0.120409392,12.1710372
52,5,6.6,2.1,0.61,0.65,5,0.124734938,3.331095457
52,8,4.7,5,0.31,0.8,6,0.119688809,15.35224128
52,7,4.3,8.8,0.61,0.8,5,0.124069479,9.635469913
52,5,2.2,2.9,0.66,0.11,5,0.120714631,3.287120342
52,8,6.7,0.8,0.19,0.15,3,0.119460041,2.155767202
52,3,2.5,1,0.68,0.74,2,0.124069479,0.163906336
52,2,0.4,7.2,0.75,0.16,6,0.119631535,0.55368638
52,6,2.5,3.6,0.3,0.48,3,0.136817622,1.860952854
52,4,0.7,3.7,0.47,0.36,5,0.119545726,1.637045145
52,8,8.4,6.8,0.85,0.27,4,0.124688279,35.85649514
52,8,2.4,1.7,0.86,0.93,5,0.11820331,6.687176466
52,5,4.1,7,0.8,0.22,10,0.136780194,3.837825775
52,7,9,8.8,0.06,0.61,5,0.124069479,14.10691333
52,2,6.5,2.9,0.52,0.79,8,0.120714631,0.731581926
52,4,2.2,3.2,0.8,0.84,6,0.120076849,1.349227905
52,4,3.8,5.6,0.35,0.69,4,0.120279047,1.863937378
52,4,1.1,5.6,0.23,0.29,8,0.124069479,3.237146139
52,3,4.9,7.4,0.46,0.8,2,0.120569086,0.261870384
52,2,0.8,4.6,0.7,0.82,1,0.119688809,0.035979748
52,7,4.9,3.8,0.55,0.67,1,0.118877794,0.536692381
52,7,7,3.6,0.5,0.25,5,0.124069479,5.529820919
52,5,5.5,4.9,0.54,0.44,4,0.121921483,2.86635828
52,6,8.4,8.2,0.62,0.47,4,0.136780194,2.363648415
52,5,1.1,8.8,0.69,0.48,6,0.123517787,2.809393644
52,4,5.6,4.6,0.68,0.19,1,0.118595825,0.12792635
52,6,3.4,3.8,0.1,0.65,6,0.123563573,4.818247795
52,4,5.4,6.9,0.51,0.21,2,0.119832235,0.440744877
52,7,5.7,3.3,0.7,0.69,9,0.136817622,31.9057591
52,7,5.2,7.2,0.5,0.8,1,0.114771032,6.688172817
52,5,0.5,7.5,0.8,0.37,6,0.123517787,3.475012541
52,8,6.2,7.4,0.64,0.84,8,0.136780194,25.84122562
52,5,5.7,3.6,0.91,0.85,3,0.119146908,2.709468842
52,2,0.6,3.5,0.09,0.48,7,0.123517787,0.492697954
52,8,2.6,1.1,0.51,0.52,10,0.123563573,35.63662267
52,5,1.9,5.1,0.61,0.54,3,0.124548512,1.392206907
52,2,5.4,5.1,0.32,0.66,10,0.120279047,0.757566452
52,4,4.8,0.9,0.39,0.09,3,0.136817622,1.102369785
52,7,0.1,9.5,0.72,0.67,1,0.117137168,1.217300892
52,4,8.4,5.8,0.49,0.32,9,0.124548512,4.058679342
52,2,6.3,2.9,0.47,0.27,9,0.123563573,0.62464571
52,3,7.4,9.2,0.93,0.24,7,0.12217471,1.103368998
52,4,7.2,0.8,0.68,0.37,4,0.124734938,0.827544212
52,7,8.8,4.2,0.84,0.92,1,0.11456066,5.677736282
52,4,3.2,3.2,0.85,0.78,4,0.121080034,0.924471378
52,4,6,5.4,0.14,0.2,2,0.120409392,0.845514536
52,3,1.5,1,0.24,0.82,4,0.120409392,0.355798006
52,6,6.1,8.7,0.62,0.24,7,0.124548512,9.846386433
52,6,3.9,1.2,0.61,0.89,4,0.131769667,3.698885202
52,7,3.7,0.8,0.55,0.92,10,0.136817622,27.41235638
52,2,2.8,8.2,0.78,0.33,1,0.119460041,0.081936598
52,2,6.4,1.7,0.32,0.15,1,0.113973102,0.033997059
52,8,6.9,7.3,0.57,0.17,7,0.124595066,18.26455569
52,4,6.6,2.7,0.66,0.49,10,0.121966093,3.171188593
52,8,5.6,7.9,0.16,0.65,2,0.123258967,5.133063316
52,2,2.6,8.8,0.12,0.41,10,0.119860961,0.725564718
52,2,6.7,0.3,0.63,0.19,2,0.118343195,0.148918152
52,6,1.2,6.7,0.53,0.35,4,0.119274809,2.574545145
52,6,6,8.2,0.48,0.22,7,0.124595066,8.280244827
52,5,0.9,1.9,0.88,0.58,4,0.122443982,2.301683903
52,4,3.6,5.7,0.94,0.27,2,0.118385226,0.450742483
52,3,9.3,8.5,0.58,0.63,4,0.120279047,0.975442171
52,8,1.5,3,0.46,0.9,2,0.114416476,10.58494902
52,2,0.1,5.9,0.65,0.83,10,0.120714631,0.771576881
52,2,3.8,2.1,0.18,0.76,8,0.120076849,0.505710602
52,3,3.1,6.6,0.55,0.51,4,0.123258967,0.434734583
52,2,6.5,6.4,0.89,0.29,9,0.136780194,0.600673914
52,3,0.5,4.5,0.32,0.66,1,0.11554015,0.130925179
52,6,7.8,3.8,0.79,0.25,1,0.108695652,1.77296567
52,3,3.6,6,0.13,0.66,1,0.119047619,0.085951328
52,3,3.2,0.2,0.41,0.11,4,0.120409392,0.76656127
52,7,2.3,6,0.43,0.59,6,0.119631535,12.22901011
52,5,7.6,7.7,0.54,0.37,2,0.123258967,0.544685841
52,2,9.3,1.6,0.63,0.5,1,0.119932838,0.044975042
52,2,1.3,4.7,0.23,0.93,10,0.124595066,0.665618181
52,2,4.2,5.3,0.09,0.05,2,0.120714631,0.115933895
52,7,1.4,8.7,0.09,0.71,2,0.118008025,11.66335058
52,2,6.6,0.4,0.57,0.8,5,0.124734938,0.526699066
52,4,2,6.6,0.32,0.07,10,0.136780194,3.029267788
52,3,3.9,6.2,0.89,0.52,1,0.113584734,0.336807489
52,3,9.1,1.6,0.4,0.85,6,0.119918455,1.0913589
52,7,8.4,9.5,0.16,0.75,1,0.123258967,0.867521048
52,5,5.9,8.1,0.75,0.15,2,0.136817622,0.87647891
52,7,0.3,3.1,0.15,0.47,10,0.136817622,20.07652259
52,7,8.3,3.9,0.8,0.91,1,0.121212121,1.331238747
52,5,4.3,6,0.54,0.52,2,0.136780194,0.469728708
52,5,0.3,0.8,0.21,0.7,6,0.119688809,2.607528687
52,4,5.1,8.1,0.2,0.8,8,0.123517787,3.453008175
52,4,3.4,4.7,0.82,0.57,4,0.120860527,1.516149759
52,6,0.7,1,0.36,0.23,8,0.121921483,4.415454865
52,4,1.7,3.9,0.72,0.6,5,0.123563573,2.218731165
52,7,2.6,7.1,0.7,0.67,7,0.124595066,14.3588109
52,6,1.3,0.6,0.69,0.78,3,0.12217471,3.593943596
52,6,2.7,4.2,0.31,0.8,5,0.119832235,9.397606373
52,8,3.2,3.4,0.91,0.6,2,0.132345156,3.280144215
52,5,6.3,8.1,0.1,0.59,2,0.118595825,2.517560005
52,4,0.2,3.8,0.68,0.86,6,0.136817622,1.373194695
52,3,4.8,6.6,0.8,0.86,10,0.136817622,1.321244955
52,3,0.7,3.1,0.61,0.27,4,0.136780194,0.275842428
52,3,8.5,3.9,0.32,0.11,10,0.124069479,1.403217554
52,6,6.8,2.5,0.46,0.87,10,0.123563573,10.9197557
52,2,7.3,3.2,0.5,0.8,2,0.119047619,0.186893225
52,5,0.5,9.3,0.37,0.8,7,0.120076849,7.647610664
52,2,8,5.8,0.78,0.13,1,0.116211505,0.048988581
52,2,1.5,6.4,0.95,0.58,8,0.136780194,0.541138172
52,4,4.4,9.5,0.9,0.78,5,0.136780194,0.711596012
52,3,3.7,0.3,0.16,0.85,1,0.114416476,0.126927614
52,8,9.1,5.5,0.57,0.48,9,0.136817622,34.50227141
52,5,8.6,7.4,0.7,0.41,9,0.124548512,4.316548347
52,6,6.5,3.6,0.81,0.39,2,0.120569086,7.097399473
52,8,3.6,1.2,0.5,0.24,1,0.119631535,0.371767759
52,8,9,4.6,0.68,0.68,1,0.136780194,6.430325985
52,8,6.4,2.7,0.12,0.56,7,0.119932838,28.54767251
52,8,3.8,7.5,0.11,0.58,9,0.121921483,37.37008929
52,4,9.3,5,0.84,0.55,7,0.136780194,1.525125265
52,5,3.2,4.8,0.76,0.73,2,0.119631535,0.440768242
52,8,7.8,8.5,0.75,0.4,8,0.136780194,21.76255584
52,8,5.5,9.3,0.64,0.63,8,0.136817622,26.20601535
52,8,2.3,9.2,0.42,0.16,5,0.124548512,18.54337597
52,8,7.7,1.6,0.57,0.23,3,0.119374478,5.493878841
52,3,6.4,3.8,0.94,0.34,8,0.124734938,1.431181431
52,7,6.5,2.1,0.29,0.14,6,0.123517787,4.144610167
52,6,4.9,6.4,0.48,0.05,3,0.124595066,2.284713507
52,8,8.7,8.7,0.86,0.08,4,0.123563573,5.44486618
52,3,3.6,5.6,0.82,0.66,3,0.124548512,0.438752413
52,6,1.3,4.6,0.69,0.07,8,0.136780194,8.566118956
52,5,0.1,0.1,0.2,0.51,3,0.120019203,0.737577915
52,7,9.5,8.2,0.42,0.16,7,0.120409392,16.43758082
52,3,6.7,1.1,0.91,0.09,4,0.121921483,0.367789745
52,3,6.3,2,0.17,0.49,10,0.124595066,1.32124424
52,8,5,0.3,0.17,0.25,4,0.122819946,22.0443964
52,2,5.7,9.4,0.94,0.72,3,0.121995852,0.176899433
52,6,7.5,4.7,0.28,0.46,3,0.123517787,1.510137081
52,8,3.2,1.7,0.15,0.71,4,0.119631535,11.19159937
52,4,2.5,5.2,0.1,0.1,9,0.124595066,2.483599186
52,2,4.7,9.1,0.77,0.74,2,0.1143903,0.079935789
52,3,7.5,0.2,0.34,0.33,7,0.120860527,1.115359545
52,7,1,4.9,0.5,0.11,3,0.120714631,7.250853777
52,5,3,0.3,0.8,0.9,4,0.131027254,1.813962698
52,6,0.8,5.3,0.17,0.11,4,0.119460041,6.138490915
52,3,6.8,3.8,0.55,0.81,8,0.119860961,1.244287252
52,2,5.6,7.5,0.89,0.15,7,0.136817622,0.453740597
52,2,4.5,8,0.49,0.28,1,0.1143903,0.06196475
52,2,0.4,5.2,0.18,0.85,2,0.124548512,0.193891525
52,3,2.8,6.9,0.59,0.83,4,0.136817622,0.718586445
52,5,6.4,8,0.83,0.71,10,0.123563573,3.82881093
52,3,7.5,3.8,0.35,0.46,5,0.123563573,0.796544552
52,2,5.7,8.4,0.65,0.16,10,0.120569086,0.647633553
52,6,6.5,3.5,0.15,0.86,1,0.117137168,1.860934734
52,2,8,2.2,0.37,0.1,8,0.124069479,0.526698589
52,6,2.9,0.5,0.9,0.4,3,0.118877794,1.373233318
52,7,7.4,1,0.27,0.57,6,0.125297582,13.02653193
52,8,2,8.7,0.68,0.43,2,0.136780194,9.673466921
52,8,5.4,3.2,0.82,0.12,7,0.123517787,37.11279845
52,6,2.3,1.2,0.5,0.44,4,0.120409392,11.31950688
52,3,1.4,5.1,0.21,0.51,9,0.136817622,1.469180346
52,6,2,1.6,0.11,0.85,10,0.124595066,7.924447775
52,8,8.7,0.9,0.22,0.12,1,0.136817622,4.729299307
52,8,9.2,7.8,0.23,0.21,10,0.120076849,39.88419008
52,6,5.9,5.7,0.58,0.35,7,0.136817622,6.648219109
52,4,4,8.6,0.52,0.66,7,0.121921483,1.967857361
52,7,9.1,4.4,0.76,0.45,9,0.124470998,19.17003751
52,3,6.3,6.8,0.12,0.84,3,0.119688809,0.384778976
52,8,2.7,0.3,0.27,0.67,1,0.120962864,2.243738174
52,6,7.3,8.1,0.76,0.25,5,0.123563573,1.926879644
52,7,0.9,3,0.51,0.59,2,0.119918455,4.919187546
52,6,7.7,7,0.62,0.22,5,0.124069479,5.192027807
52,2,4.1,8.6,0.5,0.46,5,0.124548512,0.323818207
52,8,4.9,0.5,0.11,0.46,9,0.136780194,28.5176897
52,2,3.5,3.2,0.5,0.48,9,0.136780194,0.634657383
52,2,0.1,1.7,0.78,0.7,10,0.136780194,0.572672844
52,3,5.8,1.5,0.88,0.49,4,0.12067093,0.476706743
52,5,4.4,1.9,0.15,0.69,5,0.123563573,2.845376253
52,6,0.5,5.7,0.67,0.57,8,0.124548512,8.857934713
52,4,6.5,8.4,0.34,0.46,4,0.119932838,0.933463335
52,2,0.2,6.2,0.83,0.21,3,0.119918455,0.156910419
52,7,7.8,3.5,0.71,0.47,8,0.118934348,22.59908032
52,5,6.6,7,0.4,0.41,2,0.11907597,0.968445063
52,5,6.3,3,0.92,0.88,1,0.119289037,2.250730991
52,8,4.4,9.2,0.74,0.38,2,0.118877794,19.87963223
52,8,4.4,6.2,0.25,0.09,1,0.119146908,2.874338865
52,8,7.6,5.3,0.49,0.43,4,0.123517787,27.80110288
52,2,1.6,7.1,0.15,0.28,1,0.136817622,0.033979893
52,4,9.5,2.7,0.55,0.54,5,0.121226815,1.680057049
52,2,3.8,3.9,0.7,0.19,5,0.120279047,0.217854738
52,3,1.4,5.1,0.13,0.36,3,0.124069479,0.534697533
52,6,6.8,7.3,0.75,0.82,2,0.120714631,0.862507105
52,5,2.9,2.6,0.55,0.79,9,0.121921483,4.542402267
52,4,3.3,6.2,0.68,0.73,4,0.120279047,1.037406921
52,4,3.8,4,0.33,0.41,1,0.111520018,0.14291811
52,8,2.4,7.1,0.58,0.91,8,0.120714631,34.26842213
52,5,8.7,6.2,0.56,0.92,10,0.136780194,5.11006093
52,2,0.8,6.3,0.74,0.95,8,0.120076849,0.649625301
52,6,3.9,7,0.87,0.73,8,0.119932838,7.618645668
52,3,7.9,8.2,0.63,0.06,1,0.119918455,0.117930412
52,7,1,0.8,0.92,0.19,2,0.119545726,1.611079693
52,2,7.6,6.1,0.31,0.54,10,0.136780194,0.808539391
52,4,6.3,2.7,0.5,0.38,3,0.119932838,0.978441
52,4,0.2,4.8,0.34,0.27,4,0.119274809,1.974870205
52,7,6.4,1.8,0.82,0.48,1,0.10451505,5.211020708
52,8,4.1,0.4,0.14,0.59,1,0.119631535,4.877210855
52,5,5.1,3.3,0.17,0.78,6,0.124548512,3.173202753
52,3,2,7.4,0.53,0.88,3,0.119631535,0.340787649
52,2,7.8,6.4,0.47,0.92,1,0.120714631,0.061964035
52,8,5.3,7.3,0.49,0.05,3,0.120409392,16.43162107
52,2,0.3,4.9,0.95,0.6,1,0.113623452,0.075936317
52,8,5.1,2.6,0.22,0.53,2,0.120569086,10.33409309
52,2,6.7,4.9,0.15,0.09,1,0.136780194,0.178898811
52,2,1.9,1.1,0.58,0.29,2,0.113973102,0.229868174
52,6,7,1.7,0.21,0.85,3,0.118008025,3.259153843
52,8,0.6,6.5,0.55,0.27,1,0.1143903,5.873620987
52,4,3.3,2.3,0.42,0.82,8,0.124595066,1.762994766
52,3,7.5,8.6,0.56,0.41,1,0.119832235,0.079954624
52,2,4.5,0.4,0.25,0.95,4,0.124069479,0.363791704
52,8,1.1,6.1,0.61,0.31,7,0.124595066,16.32766294
52,6,7.4,3.1,0.52,0.22,10,0.124069479,14.10293674
52,8,5.7,9,0.41,0.76,6,0.119631535,14.33580232
52,3,9.3,6.3,0.81,0.42,6,0.124069479,1.232295513
52,2,3.6,4.1,0.29,0.34,3,0.124548512,0.18289566
52,7,6.4,6.6,0.29,0.43,3,0.119274809,2.822385788
52,3,2.8,3.2,0.31,0.24,2,0.1143903,0.28683567
52,4,8.4,5.4,0.81,0.36,5,0.121921483,1.362238884
52,5,9.1,8.5,0.48,0.87,1,0.119688809,0.455718994
52,4,5.5,0.3,0.71,0.25,3,0.136780194,0.89950633
52,4,7.4,2.9,0.05,0.3,6,0.124069479,1.752979755
52,6,5.1,4.9,0.26,0.73,3,0.120714631,5.106077433
52,5,1.8,5.1,0.52,0.78,7,0.124548512,2.312680244
52,2,4.8,1.5,0.1,0.12,10,0.136817622,0.75856638
52,7,3.3,6,0.16,0.88,6,0.136780194,12.00613189
52,6,3.5,3.9,0.21,0.78,1,0.113571834,0.70759511
52,3,7.6,3.9,0.65,0.56,1,0.108695652,0.255874395
52,7,2.4,1.8,0.17,0.27,1,0.117137168,1.397183418
52,8,8.5,1.7,0.63,0.14,2,0.119631535,5.442887783
52,4,7,8.3,0.95,0.32,7,0.129332644,3.158190727
52,8,5,3.7,0.5,0.9,4,0.124548512,30.99927425
52,8,3.7,0.6,0.61,0.56,10,0.136780194,28.75657678
52,3,3.8,5.5,0.57,0.62,9,0.136780194,1.276252747
52,2,4.7,0.9,0.44,0.36,2,0.124069479,0.166904449
52,7,5.2,6.5,0.86,0.36,6,0.124595066,8.776978493
52,4,5.5,0.4,0.84,0.23,5,0.125266191,1.026413202
52,4,3.3,7.9,0.79,0.64,10,0.136780194,2.4436028
52,4,6,7.3,0.08,0.62,9,0.124595066,1.845947504
52,6,2.5,1.1,0.62,0.46,7,0.124177325,7.672629356
52,3,9,0.2,0.81,0.4,3,0.125470514,0.413763762
52,7,7.1,8,0.12,0.61,9,0.123563573,16.02783465
52,6,8,0.4,0.43,0.85,1,0.114678899,1.088357687
52,3,9.5,9.3,0.58,0.19,2,0.120569086,0.141919136
52,5,5.5,1.1,0.41,0.56,10,0.124595066,5.514846325
52,4,0.3,6.8,0.35,0.31,10,0.124595066,3.422046423
52,5,1.2,1.7,0.4,0.52,7,0.124595066,3.09022975
52,8,0.2,1.3,0.89,0.72,4,0.118920205,10.59294581
52,4,2,1.5,0.34,0.48,2,0.115101289,0.700598955
52,6,1,4.4,0.93,0.47,3,0.123563573,2.232723713
52,6,3.2,4.4,0.68,0.19,4,0.119860961,4.583379269
52,6,5.7,3.4,0.08,0.74,10,0.123563573,13.83808708
52,5,1.4,8.2,0.17,0.13,1,0.113571834,0.786550283
52,4,3.9,8.7,0.69,0.58,1,0.121921483,0.176898718
52,7,6.9,7.1,0.23,0.59,10,0.124595066,28.84450626
52,5,1.8,6,0.59,0.13,7,0.119832235,3.258136988
52,7,3.4,2.2,0.54,0.71,3,0.116009281,10.87678027
52,8,7.9,5.2,0.46,0.59,5,0.123563573,12.60878921
52,6,1.2,2.2,0.59,0.73,1,0.114652603,1.520131588
52,2,7.5,4.5,0.23,0.86,9,0.124548512,0.789548397
52,2,6.9,6.6,0.87,0.89,6,0.119545726,0.415759563
52,2,8.8,8.4,0.1,0.53,7,0.124595066,0.540690422
52,2,5.6,2.2,0.54,0.34,7,0.136817622,0.559700489
52,8,3.3,3.7,0.26,0.58,1,0.119274809,4.263544798
52,7,9.2,0.5,0.77,0.17,7,0.130975769,21.67060828
52,4,7.1,4.1,0.26,0.66,9,0.136780194,2.266703844
52,6,1.8,1.5,0.09,0.7,5,0.124548512,5.198027372
52,3,4.5,4.8,0.69,0.22,7,0.136817622,1.310268164
52,8,4.6,8.3,0.5,0.26,1,0.120714631,0.883478165
52,5,0.5,2.6,0.38,0.32,3,0.123563573,0.402769089
52,7,3.4,0.4,0.79,0.39,1,0.111520018,1.737004042
52,6,8.4,5.6,0.59,0.4,5,0.124069479,5.792690754
52,5,1.5,5.5,0.35,0.34,4,0.136780194,5.969583511
52,6,8.1,4.2,0.37,0.27,4,0.123563573,4.884206772
52,7,8.6,5.7,0.51,0.81,2,0.119274809,2.080812454
52,8,6.9,8.7,0.7,0.51,5,0.124595066,22.89990306
52,7,2.3,8.8,0.07,0.84,4,0.136817622,11.72831392
52,2,6,0.5,0.67,0.62,10,0.124595066,0.48670125
52,6,1.8,2.7,0.9,0.58,10,0.122819946,8.374214649
52,5,8.6,5.2,0.6,0.18,5,0.120279047,4.854224443
52,5,6.6,2.7,0.25,0.64,10,0.136780194,2.821404219
52,4,0.3,6.8,0.82,0.52,4,0.119860961,1.523108244
52,2,4.4,8.9,0.86,0.38,6,0.124069479,0.32481432
52,4,3.8,9.2,0.49,0.88,2,0.136780194,0.633640766
52,6,3,7.4,0.13,0.12,8,0.120409392,6.489286423
52,8,6.4,0.4,0.29,0.43,10,0.124177325,32.13562727
52,6,9.2,5.8,0.81,0.86,3,0.115807759,3.241146564
52,3,1.9,6,0.57,0.43,1,0.118920205,0.224868536
52,2,4,0.4,0.68,0.49,7,0.13170025,0.560679197
52,5,1.1,6.7,0.16,0.92,8,0.136817622,3.550969601
52,8,8.6,9.1,0.15,0.74,2,0.118259224,5.127068281
52,8,9.3,6.4,0.24,0.1,7,0.120569086,8.968874454
52,8,1,1.8,0.05,0.29,3,0.120076849,8.4241817
52,2,1.5,2,0.71,0.18,1,0.114416476,0.116934061
52,6,2.7,0.5,0.58,0.12,4,0.120714631,4.035689592
52,4,6.2,2.3,0.82,0.43,5,0.121138704,1.331241846
52,3,3.4,0.8,0.41,0.22,4,0.121921483,0.425756693
52,6,2.4,2.1,0.87,0.09,8,0.124595066,7.689599991
52,6,0.6,4.4,0.3,0.85,2,0.111520018,5.369932175
52,6,8.5,2.4,0.73,0.87,4,0.122774708,4.027696848
52,7,3.3,6.8,0.56,0.58,4,0.119274809,9.777406216
52,8,1.5,8.1,0.65,0.15,10,0.120076849,39.30652666
52,4,1.5,0.7,0.86,0.15,4,0.123563573,0.780553818
52,4,4.6,2.9,0.35,0.42,10,0.120279047,4.068673849
52,6,9.5,3.8,0.43,0.43,4,0.123517787,2.365643978
52,5,1.8,3.7,0.81,0.28,5,0.136780194,2.249713421
52,7,6.1,2.4,0.35,0.45,5,0.119932838,12.63977551
52,7,2.3,0.9,0.28,0.72,3,0.136817622,7.40975976
52,7,2.5,8,0.2,0.13,8,0.121921483,20.33337545
52,6,0.8,3.4,0.37,0.39,8,0.119932838,7.729580641
52,7,4.3,0.6,0.4,0.45,5,0.124595066,12.19502544
52,5,3.6,8.8,0.66,0.45,1,0.111520018,0.237862349
52,8,5.2,0.8,0.48,0.41,1,0.136780194,14.31781459
52,4,6.9,2.2,0.23,0.85,1,0.119932838,0.205883265
52,7,7.6,0.6,0.63,0.91,2,0.13029316,2.41761446
52,5,3.9,9.2,0.82,0.09,1,0.119146908,0.482743979
52,6,8.7,3,0.29,0.1,8,0.136780194,5.736703634
52,7,6.1,7,0.08,0.13,4,0.123563573,5.409902573
52,6,5.7,4,0.11,0.69,4,0.119688809,1.317249775
52,3,5.1,3.9,0.86,0.26,2,0.119860961,0.161907434
52,4,5.4,6.9,0.28,0.37,4,0.119047619,0.981438637
52,4,1.5,7.9,0.15,0.13,5,0.123517787,1.482170105
52,2,4,4.2,0.69,0.77,6,0.124548512,0.353780508
52,5,3.2,1.6,0.09,0.56,2,0.119274809,2.337663412
52,2,5.8,3,0.83,0.39,8,0.124548512,0.523699999
52,4,6.6,9.2,0.37,0.25,8,0.136817622,2.504565001
52,7,8,2.5,0.78,0.11,6,0.136780194,9.610507488
52,4,2,2,0.85,0.83,8,0.136817622,1.676038742
52,4,8.3,5,0.08,0.09,1,0.113973102,0.063963652
52,5,6.3,4.6,0.08,0.83,3,0.120076849,2.040835619
52,8,0.8,3.1,0.44,0.83,10,0.124595066,44.70443726
52,8,5.3,2.5,0.16,0.21,10,0.120714631,36.86891675
52,2,4.8,6.2,0.72,0.47,9,0.120714631,1.000425816
52,8,0.7,3,0.86,0.32,9,0.124069479,22.01641107
52,8,8.8,1.8,0.51,0.35,9,0.124595066,47.46685719
52,7,8,7.7,0.48,0.27,2,0.119918455,1.989882469
52,4,8.1,2.1,0.11,0.11,9,0.124548512,2.517539501
52,5,2.8,4.9,0.42,0.61,8,0.136817622,2.819387913
52,6,7.9,8.7,0.24,0.28,1,0.114771032,1.539123297
52,6,7.9,2.4,0.29,0.3,2,0.123563573,1.160336256
52,5,6.3,9,0.24,0.46,4,0.123517787,2.458594084
52,5,5,7.6,0.14,0.09,3,0.136780194,1.400199413
52,2,0.8,6,0.74,0.75,2,0.119631535,0.131924868
52,3,1.3,5.7,0.25,0.58,4,0.119545726,0.473728895
52,6,7,4.3,0.92,0.58,10,0.122654238,9.437620878
52,5,1.9,7.1,0.14,0.64,3,0.120019203,1.635044813
52,4,0.2,4.1,0.75,0.9,3,0.119918455,1.26527977
52,8,1.3,2.2,0.44,0.29,6,0.124548512,26.76171398
52,4,3.7,4,0.54,0.45,2,0.121921483,0.2588346
52,6,2.8,2.3,0.72,0.24,1,0.11149515,1.811964035
52,3,2.9,0.6,0.28,0.54,10,0.124069479,1.767988682
52,7,0.2,5.4,0.74,0.07,3,0.121921483,2.01085043
52,7,6.9,3.7,0.44,0.24,6,0.124548512,29.82594514
52,6,2.1,5.5,0.56,0.62,3,0.124069479,1.533120155
52,7,9,9.4,0.1,0.79,1,0.116211505,1.749002934
52,2,1.5,3.1,0.47,0.68,2,0.136817622,0.292832613
52,7,7.2,8.4,0.39,0.54,6,0.124595066,8.4531672
52,4,5.7,7.2,0.28,0.32,3,0.119918455,0.757565975
52,6,6.6,6,0.39,0.66,2,0.119688809,5.083093166
52,4,9.1,2.6,0.18,0.76,2,0.121728545,0.813534975
52,6,3,2.5,0.12,0.24,1,0.120279047,1.043403625
52,7,1.9,0.9,0.72,0.75,8,0.124131082,14.40276384
52,3,5.9,1,0.59,0.43,6,0.125297582,0.912478685
52,5,2.9,7.8,0.1,0.69,5,0.124595066,2.571526289
52,7,1.2,1,0.61,0.51,9,0.120569086,13.41533184
52,2,7.4,2.8,0.1,0.58,3,0.119545726,0.375782251
52,7,1.6,6.7,0.07,0.63,2,0.120409392,10.03226566
52,8,6.8,1,0.62,0.78,4,0.124734938,10.24313998
52,5,5.6,3.4,0.84,0.26,4,0.119631535,5.487865448
52,6,5.4,5.9,0.39,0.91,9,0.124548512,8.239285946
52,7,4.4,7.7,0.53,0.65,8,0.119631535,10.55727077
52,5,8.8,2.4,0.34,0.83,10,0.123517787,6.164478779
52,6,2.7,4.9,0.6,0.12,1,0.111520018,0.74758935
52,2,0.6,1.5,0.8,0.48,2,0.119631535,0.203882933
52,8,4.3,2.5,0.4,0.73,3,0.120409392,9.891324043
52,8,9.3,3.9,0.29,0.61,5,0.123563573,24.81481338
52,4,8.6,3.4,0.83,0.76,8,0.121921483,2.529554129
52,4,1.2,7.5,0.79,0.77,7,0.120019203,2.019844532
52,6,6.2,6.8,0.83,0.63,3,0.119832235,2.781406641
52,4,8.4,8.9,0.28,0.16,10,0.136817622,2.992308855
52,7,0.5,5.5,0.26,0.69,9,0.136817622,15.55108762
52,2,5.6,6.1,0.29,0.69,1,0.118259224,0.082952023
52,5,2.3,7.4,0.41,0.58,10,0.124548512,7.107938766
52,8,7.6,7.2,0.55,0.24,6,0.136817622,18.63634133
52,3,5,1.1,0.28,0.46,2,0.124595066,0.36279583
